filename,class,xmin,ymin,xmax,ymax
V2-1-00001_png.rf.49bda12943077975eea2e86c3df18ae4.jpg,1,124,66,296,176
V2-1-00001_png.rf.49bda12943077975eea2e86c3df18ae4.jpg,1,321,198,416,294
IMG_20231011_112109_jpg.rf.878fae27d4612fe689992db25c0c0052.jpg,1,138,58,514,500
IMG_20231106_090546_jpg.rf.fcfc0fa70cabf83977645fbe7d4e31f4.jpg,1,60,200,384,613
V2-3-00033_png.rf.5fa15683c0443661ddd42a47f82af05f.jpg,1,231,36,321,176
V2-3-00033_png.rf.5fa15683c0443661ddd42a47f82af05f.jpg,1,309,131,564,308
IMG_20231018_113901_1_jpg.rf.ef2f948a9f5008b0375d29dd4d914014.jpg,1,60,204,519,444
IMG_20231011_112300_jpg.rf.467315b928b1b6de5e39dd015f65d66a.jpg,1,310,300,429,424
IMG_20231011_112300_jpg.rf.467315b928b1b6de5e39dd015f65d66a.jpg,1,169,100,453,528
IMG_20230926_145900_jpg.rf.e647140e46f9e8d3b3dbab0f7e8e958c.jpg,1,198,106,434,458
IMG_20231030_111815_jpg.rf.3ca2ad0277d2c11ad04b9502972c493b.jpg,1,139,23,534,475
IMG_20231004_153654_jpg.rf.23606ade0f83da753025015f76114b3e.jpg,1,174,174,474,575
IMG_20231011_112114_jpg.rf.efa9e0da9ed1405a908229a904005231.jpg,1,179,153,474,474
IMG_20231016_150515_jpg.rf.dfa7c25cd3df200a016672b82e0d9abc.jpg,1,323,95,574,480
IMG_20231011_112246_jpg.rf.3ce12cadff3f46c551c7343a84c7dda8.jpg,1,165,71,488,569
IMG_20231016_150430_jpg.rf.eaee17077e9191e86b7537975fd30e8f.jpg,1,268,75,500,490
IMG_20231027_135820_jpg.rf.3d9be46f41a03885a849f49c07ed9827.jpg,1,91,133,571,526
IMG_20231018_113827_jpg.rf.c5332fee813b4cdea08de022ec94f78b.jpg,1,132,80,507,507
IMG_20231008_152748_1_jpg.rf.d274b4772e75a3e16390017dfa20cc07.jpg,1,210,165,460,563
IMG_20231001_155908_jpg.rf.0179afc0a7126e8408dead2ab9377550.jpg,1,55,74,341,443
IMG_20231001_155908_jpg.rf.0179afc0a7126e8408dead2ab9377550.jpg,1,315,154,565,565
IMG_20231106_090430_jpg.rf.b83738d41b55dcb8ab313e7ffe7fd8a3.jpg,1,89,28,381,480
IMG_20231003_153250_jpg.rf.0d4d5d00606808bec722b0f9919bc0ba.jpg,1,146,84,545,504
V1-3-00017_png.rf.f7fd05dc3489acfeb1cfe03dcdb17fb6.jpg,1,330,35,429,237
IMG_20231103_092538_jpg.rf.f0916d055bd6395fb4611fff28302f20.jpg,1,203,183,571,539
IMG_20231103_092538_jpg.rf.f0916d055bd6395fb4611fff28302f20.jpg,1,94,259,314,580
IMG_20231010_110233_jpg.rf.e3b224257a2789e6dd48eba76e05eb2a.jpg,1,171,124,511,506
IMG_20231001_155621_jpg.rf.a8b94c607007751be3f502f4072a319a.jpg,1,126,155,458,530
IMG_20231001_155436_jpg.rf.29c1194060cc55fcb43b09a6b9334c0e.jpg,1,73,70,465,523
IMG_20230925_101838_jpg.rf.aa28a899413103efa392a90ca8fbc902.jpg,1,231,249,400,401
IMG_20231020_153643_jpg.rf.4bc7ad20b44ad8593a5857333240b27f.jpg,1,54,175,579,538
IMG_20231020_153659_jpg.rf.27f49b9364505952aa9d7d5e91528b97.jpg,1,193,83,470,580
IMG_20231003_154132_jpg.rf.a43ae864bd0e1689acf9a4c1ba9cabce.jpg,1,165,219,473,580
IMG_20230925_101838_jpg.rf.ab9d7d35a521f9c29783ddbe0128a178.jpg,1,231,249,400,401
V2-1-00001_png.rf.2383ef4a6bd35daec8105c3062261bba.jpg,1,124,66,296,176
V2-1-00001_png.rf.2383ef4a6bd35daec8105c3062261bba.jpg,1,321,198,416,294
IMG_20231103_092214_jpg.rf.4d8773e2eab4eded6a0f046701ed61ca.jpg,1,155,110,488,568
VC-2-00001_png.rf.d8276f895dfebcc6dbc0f6e813f5ecd6.jpg,1,254,154,329,233
V1-4-00001_png.rf.1d64ddc451a45f6864ea9d269e9d60a2.jpg,1,254,118,378,226
IMG_20231009_163437_jpg.rf.9127e5bf828f5f45393617fd01623090.jpg,1,139,40,451,573
IMG_20231003_152526_1_jpg.rf.5345d805dd0b201e3f54f9084fd35092.jpg,1,86,125,548,546
IMG_20231103_092214_jpg.rf.a7b2d241cbd2b01c5944dca50645307b.jpg,1,155,110,488,568
IMG_20231027_135810_jpg.rf.93b9ba6af4cfac94e79fc4abf73375ee.jpg,1,165,48,565,526
IMG_20230926_145846_jpg.rf.5e4b9c1d7ce5e3fc1df83aefbb23274b.jpg,1,248,130,436,609
VE-2-00002_png.rf.d95132919ac2991c41fa6bbc49494164.jpg,1,286,189,319,271
IMG_20231010_110233_jpg.rf.2df778bb3c13eb5820e7c92eb363a1c1.jpg,1,171,124,511,506
IMG_20231018_113829_jpg.rf.1d6670211ce11f498c972907e98861b5.jpg,1,159,115,501,539
V2-3-00034_png.rf.e346f17b1053cb6d9b6c074b511869c5.jpg,1,240,33,329,171
V2-3-00034_png.rf.e346f17b1053cb6d9b6c074b511869c5.jpg,1,319,113,573,292
IMG_20231026_191542_jpg.rf.e461de47d7f8a8599e0253c1b2bf29ec.jpg,1,335,131,510,483
IMG_20231026_191542_jpg.rf.e461de47d7f8a8599e0253c1b2bf29ec.jpg,1,13,54,360,293
IMG_20231026_191206_jpg.rf.b5ea437b63acf7c16471dd0882111828.jpg,1,198,31,418,509
IMG_20231002_143746_jpg.rf.4f551748aa2a56f3f857efc35ff9ed46.jpg,1,145,184,355,444
IMG_20231002_143746_jpg.rf.4f551748aa2a56f3f857efc35ff9ed46.jpg,1,356,178,566,534
IMG_20231103_092332_jpg.rf.2530cbea1ab8721cf70bbcabac8dd825.jpg,1,20,120,390,640
IMG_20231019_105554_jpg.rf.73e5fa79f3e9fcb9d58c495f6801859b.jpg,1,31,163,576,566
V2-3-00047_png.rf.01393e483e70858133ddfb0e1673a8e1.jpg,1,220,84,324,267
V2-3-00047_png.rf.01393e483e70858133ddfb0e1673a8e1.jpg,1,309,40,513,268
IMG_20230928_102621_jpg.rf.89b3bdee7e2750971a259c260dac93ec.jpg,1,171,204,514,504
IMG_20231002_143603_1_jpg.rf.34ff963dd1bfecf579af1a73bfbbc2f3.jpg,1,168,129,500,559
IMG_20231007_113118_jpg.rf.f0767772834ab08fafbd2a544e690f72.jpg,1,270,274,444,425
IMG_20231007_113118_jpg.rf.ba1959199d33bd9e0e499cfc26a9a0f7.jpg,1,270,274,444,425
IMG_20230927_155327_jpg.rf.1d8fa0c9045e2a54e83b28355220fc2a.jpg,1,169,131,386,440
IMG_20230927_154915_jpg.rf.c7e2fc43cff33323061d03c9f226d40f.jpg,1,244,179,418,448
IMG_20231020_153643_jpg.rf.fa0656ee99932e1b5c1cde1fa372dca0.jpg,1,54,175,579,538
VE-3-00043_png.rf.fd99ee596995e7f53cbbc4084f82bc5b.jpg,1,255,114,289,248
IMG_20231003_152959_jpg.rf.0260f02caa86e43a0b6cef19986b9652.jpg,1,201,361,439,538
IMG_20231003_152959_jpg.rf.0260f02caa86e43a0b6cef19986b9652.jpg,1,131,130,528,380
IMG_20231106_090451_jpg.rf.63d58b795f287a3076e3653f172cd0ad.jpg,1,99,38,489,568
IMG_20231026_191144_jpg.rf.d185c0789922449482656fe78f3de078.jpg,1,84,159,519,495
IMG_20231106_090620_jpg.rf.8e125ce9ca42d6812d9f258c1b57bbfe.jpg,1,0,48,435,400
IMG_20231001_155907_jpg.rf.788a40685677cef87de737ac4116fa99.jpg,1,61,58,350,430
IMG_20231001_155907_jpg.rf.788a40685677cef87de737ac4116fa99.jpg,1,320,140,574,550
IMG_20231007_113213_jpg.rf.bc9e1f55050836464e4600bb2396f347.jpg,1,168,96,374,429
VC-3-00029_png.rf.05da2b16b3e093150b603719b6293942.jpg,1,233,119,291,326
IMG_20231030_111710_jpg.rf.7dd11e64cb8749ced60f3ebf32694d4e.jpg,1,86,155,596,481
IMG_20231026_191144_jpg.rf.c9b2056a8d3c6bef04cd6854076f065f.jpg,1,84,159,519,495
IMG_20231010_110223_jpg.rf.3b62381c70d9e596f1b14bc80306333c.jpg,1,104,48,498,524
IMG_20231106_090835_jpg.rf.8bc2ca5572f57b7de10c8ea08aeb8525.jpg,1,113,38,491,600
IMG_20231027_135824_jpg.rf.28f00e9bed7d4559c040a706397d1781.jpg,1,150,141,528,460
IMG_20230927_155755_jpg.rf.0fb1de6e23a33e36ae88cff5f05aef74.jpg,1,134,96,440,400
IMG_20231027_140549_jpg.rf.789f561b8816f381aa568c2f921da821.jpg,1,163,74,448,590
V2-3-00047_png.rf.2280fb2a73f31e1318f076323d4c9c60.jpg,1,220,84,324,267
V2-3-00047_png.rf.2280fb2a73f31e1318f076323d4c9c60.jpg,1,309,40,513,268
IMG_20231010_110229_jpg.rf.cb3c99e8518628f5784ebff7aa99b421.jpg,1,136,86,523,586
IMG_20231103_092607_jpg.rf.c65dd06c4a676aa76aeb070a62e33146.jpg,1,79,23,454,503
IMG_20231103_092607_jpg.rf.c65dd06c4a676aa76aeb070a62e33146.jpg,1,18,161,284,546
IMG_20231005_091046_1_jpg.rf.01f1cabda8339bc233ccfdd6f358a0b2.jpg,1,114,180,486,573
IMG_20231008_152524_1_jpg.rf.5d92c6a5c4f6e6b074e22ace86258287.jpg,1,104,103,583,566
IMG_20231003_153241_jpg.rf.5c5cd1abdaa3fd38eecfaaa7503c889c.jpg,1,158,85,448,534
IMG_20231106_090653_jpg.rf.bf2db9c2443cc034c041e8cba67be551.jpg,1,194,125,451,546
IMG_20231007_113208_jpg.rf.e55c2aac116db3b2d8dd245804b56464.jpg,1,191,250,374,406
IMG_20231018_113857_jpg.rf.5c5148df51f2ecca3af47f73678c7f2b.jpg,1,91,168,525,436
IMG_20231019_105526_jpg.rf.db5b2a7b5a9067c752ccd5f1117f3697.jpg,1,39,188,614,564
IMG_20231019_105526_jpg.rf.db5b2a7b5a9067c752ccd5f1117f3697.jpg,1,188,4,411,214
IMG_20231011_112117_jpg.rf.93448dc42a3332d4eac41a7871b112fe.jpg,1,170,223,476,631
IMG_20231026_191052_jpg.rf.216656f6cd559f9cadff39d22b5dfa5e.jpg,1,81,185,576,474
V2-3-00048_png.rf.4d05c50fe047b9405cb8ccedaf59c0c9.jpg,1,311,49,522,279
V2-3-00048_png.rf.4d05c50fe047b9405cb8ccedaf59c0c9.jpg,1,223,90,330,279
IMG_20231106_091602_jpg.rf.ca3a544669d78b214eb3a7cfda4b90f2.jpg,1,86,79,334,534
IMG_20231106_091602_jpg.rf.ca3a544669d78b214eb3a7cfda4b90f2.jpg,1,283,110,501,511
IMG_20231007_113152_jpg.rf.2992151d9c7e8f07c1fa71f276e6bd28.jpg,1,223,193,414,451
IMG_20231004_154112_jpg.rf.e83993b83e9af6494fda1b1a8dde09ef.jpg,1,166,188,521,529
IMG_20231009_163513_jpg.rf.2227ad323efb56fa9a6f45c66860b949.jpg,1,101,160,494,495
IMG_20231001_155436_jpg.rf.2346078a2f72a63736bf03fa8387e061.jpg,1,73,70,465,523
IMG_20231008_152610_jpg.rf.bac6eb2517f9d9b9b5628da06078cabf.jpg,1,190,146,454,566
IMG_20231010_110219_jpg.rf.34d13d25bfb77be517b2e554b35603ab.jpg,1,80,213,521,551
IMG_20231003_153237_jpg.rf.676d5a3741ef495209d303af5455c6c1.jpg,1,143,101,500,544
IMG_20231027_135742_jpg.rf.63b3b6cd5a38de579b1868dc2f12de96.jpg,1,70,120,536,449
IMG_20231020_153707_jpg.rf.7c238232caa16bb9566c9a04d335b24c.jpg,1,250,74,444,588
VE-3-00043_png.rf.7c15955bb713622277ae148c93648728.jpg,1,255,114,289,248
IMG_20231016_150428_jpg.rf.c0d650a07ea76f9df7a2576a8cc40b68.jpg,1,164,60,401,481
IMG_20231010_110324_jpg.rf.569fb21c29e2e613dd0dcbec265f1b52.jpg,1,249,43,546,548
VC-3-00029_png.rf.f90c0442b25da106c3382900bb1db2ea.jpg,1,233,119,291,326
IMG_20231103_092511_jpg.rf.299a4725b2467857eaf912a108ebfcb3.jpg,1,246,334,505,556
IMG_20231103_092511_jpg.rf.299a4725b2467857eaf912a108ebfcb3.jpg,1,250,521,275,570
IMG_20231103_092511_jpg.rf.299a4725b2467857eaf912a108ebfcb3.jpg,1,4,246,333,543
IMG_20231010_110047_jpg.rf.a0d8d6ecf778ac7da46f2ad1440e1106.jpg,1,130,61,485,558
IMG_20231012_154754_jpg.rf.80b124936b93e391b88fdcc8414d49d2.jpg,1,136,123,530,526
IMG_20231012_155050_jpg.rf.7682433bf090e73d4032b674515e5923.jpg,1,210,38,530,575
IMG_20231003_154026_jpg.rf.901b872ddd0c098cf8bb06863dd1a6ba.jpg,1,115,88,513,495
IMG_20231023_111017_jpg.rf.1bb2405fc3fbdf6d0fd177fe28dd442b.jpg,1,81,35,519,533
IMG_20231005_091040_jpg.rf.f598d301d3f80f641c242216dc425ebf.jpg,1,173,153,534,509
IMG_20231003_154136_jpg.rf.5ac76c44090dfd33bf073b58cdd1dac3.jpg,1,193,118,473,556
IMG_20231003_152428_jpg.rf.3fe62adbbbc7a02f9cb70a4a49afa33c.jpg,1,44,205,320,541
IMG_20231003_152428_jpg.rf.3fe62adbbbc7a02f9cb70a4a49afa33c.jpg,1,303,200,559,548
IMG_20231003_152952_jpg.rf.3afedbc8a4c101a650b61f4ee7dac4cb.jpg,1,124,111,469,526
IMG_20231103_092511_jpg.rf.a8f9cc995777308a53f0471614f2586d.jpg,1,246,334,505,556
IMG_20231103_092511_jpg.rf.a8f9cc995777308a53f0471614f2586d.jpg,1,250,521,275,570
IMG_20231103_092511_jpg.rf.a8f9cc995777308a53f0471614f2586d.jpg,1,4,246,333,543
IMG_20231005_091035_jpg.rf.a0275ec43d125078e1707ab67a030258.jpg,1,158,115,461,586
IMG_20231009_163748_jpg.rf.6e9d29c253be7334e33cfe72bf322c98.jpg,1,105,115,499,616
V1-2-00011_png.rf.4b195a451d01ed0c94bc8b00a1f7c8e8.jpg,1,343,120,474,315
IMG_20231001_155432_jpg.rf.01db3c06662946e4dce4044bd5ea4892.jpg,1,55,106,499,514
V1-3-00052_png.rf.e78cb1c32598e19db370f42676fd40d3.jpg,1,295,20,366,273
IMG_20231016_150453_jpg.rf.a4a482bfd28528a19a5e983f6f2abec1.jpg,1,146,96,433,356
IMG_20231008_153048_jpg.rf.06c41951ffa0d3522ba32bb777508dce.jpg,1,215,148,488,621
IMG_20231004_153705_1_jpg.rf.317c0161b21a9915a5a3ce1ac4b9ffc8.jpg,1,65,178,525,541
IMG_20231027_135720_jpg.rf.935b56fc902856488cff40b5020864f7.jpg,1,154,130,415,509
IMG_20231004_153705_1_jpg.rf.329195c89889587049e40c3e2fea5049.jpg,1,65,178,525,541
VE-1-00001_png.rf.3501cc449486d2124e6f701b9b486fb2.jpg,1,284,143,369,183
IMG_20231007_113217_jpg.rf.1e17b5e44bcef3959568b53130eb5c67.jpg,1,189,71,359,429
IMG_20231005_091101_jpg.rf.57ffc3ed09942da8f32f7ed20a025e95.jpg,1,144,126,529,555
IMG_20231016_150428_jpg.rf.17d7b89aec41759c3d61fe42bcc64dea.jpg,1,164,60,401,481
IMG_20230926_150115_jpg.rf.d237ed80482af7c46028533386cacce5.jpg,1,171,205,409,463
IMG_20231012_154937_jpg.rf.71d5f5eb6a7db08a3f9b2f73a25f0e60.jpg,1,151,153,524,573
IMG_20231025_111533_jpg.rf.57cb3da3d99139d84b8c741b6366eb1f.jpg,1,11,86,554,488
IMG_20230927_155134_jpg.rf.8b9d2562d20cd8f0972aa6324730c382.jpg,1,195,113,404,458
IMG_20231103_092223_jpg.rf.56e00c6ed4e52291b7b1df7abfb2509e.jpg,1,25,71,535,444
Mix-4-00002_png.rf.f61c2da4efc609ea80c30e4720f61874.jpg,1,124,95,379,322
Mix-4-00002_png.rf.f61c2da4efc609ea80c30e4720f61874.jpg,1,303,54,491,206
IMG_20231001_155634_1_jpg.rf.48e58504d9a0beb4a6f4f6d3dacab697.jpg,1,15,98,289,363
IMG_20231001_155634_1_jpg.rf.48e58504d9a0beb4a6f4f6d3dacab697.jpg,1,234,85,581,616
IMG_20231019_105621_jpg.rf.1c7c404676f66433e0b4850377f3edcb.jpg,1,155,125,564,526
IMG_20231106_090702_jpg.rf.24c4a312129b7ea037394162306f068a.jpg,1,275,23,608,491
IMG_20231008_153056_jpg.rf.dd9099c586265c1f912ea1c0f4f3aaf1.jpg,1,83,126,566,521
IMG_20231025_111630_jpg.rf.5e0bd62261ca9e33157a055b89497238.jpg,1,159,73,466,556
IMG_20230928_102738_jpg.rf.3f8e37d1e4362b3efdad3be87ade0a34.jpg,1,220,176,419,513
IMG_20231012_154745_jpg.rf.f375dc65a0d41ba390243ccd723e8a31.jpg,1,135,84,506,568
IMG_20231018_113634_jpg.rf.946e7bf255f3cbccf778ba04710767f3.jpg,1,169,101,479,564
IMG_20231002_143309_jpg.rf.e6889ac9d6b75b98fc7acc7ae0a21a6a.jpg,1,71,195,535,424
IMG_20231003_153232_jpg.rf.0502630f64220c456b5cda3e8f96afef.jpg,1,53,174,488,538
IMG_20231103_092353_jpg.rf.b8fed1f29dabec64d438b1bc6d0c0619.jpg,1,153,110,499,531
IMG_20231012_155145_jpg.rf.e3e605e312383f46674180a3812b5de5.jpg,1,193,149,585,515
IMG_20230928_103310_jpg.rf.a197e95e382f123df08b8d0b66f0c610.jpg,1,121,171,463,534
VE-1-00001_png.rf.b46aa89bdb9fdfa0ea14d827d1d89a80.jpg,1,284,143,369,183
IMG_20231103_092313_jpg.rf.abc25efd87a67e2fcf481e5e47241086.jpg,1,29,151,613,484
IMG_20231012_155145_jpg.rf.4b829c6a38a0cd0e79759b51cb0ef72c.jpg,1,193,149,585,515
IMG_20230927_154946_jpg.rf.1aa3c1a98d833d4f7447b5d09e785d04.jpg,1,268,181,399,481
IMG_20230927_155758_jpg.rf.ccc752e5292ee043432fa1003d5941f4.jpg,1,175,108,444,451
IMG_20231018_113551_jpg.rf.eb301834e4acd2417963c36e342dfbdc.jpg,1,51,129,614,635
IMG_20231027_135606_jpg.rf.da1d8b134dc0e1a6c1ee12e4836a33bc.jpg,1,56,193,583,548
IMG_20231003_153025_jpg.rf.5ebc4f5cb376b9e93273c2ab1ba70768.jpg,1,133,256,320,575
IMG_20231003_153025_jpg.rf.5ebc4f5cb376b9e93273c2ab1ba70768.jpg,1,184,90,461,550
IMG_20231027_135712_jpg.rf.1baa8dd93028807f22928cc03ec10885.jpg,1,174,83,466,538
IMG_20231027_135858_jpg.rf.80841d67c498c27df3529daf073da942.jpg,1,46,71,535,470
IMG_20231010_110043_jpg.rf.3d52d059f902690ad948b0d8c650ee28.jpg,1,106,146,509,551
IMG_20231026_191247_jpg.rf.f7175c44be33f1bd7d2971cb4e071a3d.jpg,1,45,180,543,468
IMG_20231018_113557_jpg.rf.b16f55145cceec9961654ea4078ff1f0.jpg,1,158,44,509,606
Mix-3-00001_png.rf.edcde804128e9ada2057589030c856e7.jpg,1,149,15,295,180
Mix-3-00001_png.rf.edcde804128e9ada2057589030c856e7.jpg,1,215,106,408,323
IMG_20231103_092336_jpg.rf.105c99c6fb1e19329e8ba5c35f866674.jpg,1,308,174,620,638
IMG_20231103_092305_jpg.rf.ca6e7e901553361e1b394b33ed107050.jpg,1,303,15,604,473
IMG_20231011_112149_jpg.rf.291c4447edff82c328fe947381450eed.jpg,1,100,128,523,489
IMG_20231019_105632_jpg.rf.bc7798bf2814d8b86b374cee5d1d5388.jpg,1,46,230,504,550
IMG_20231023_111101_jpg.rf.ba4717584070271fda66214ad1455726.jpg,1,201,99,444,551
IMG_20231027_140604_jpg.rf.3d95744422ed6f59e2f81b1eeb25900e.jpg,1,93,180,515,505
IMG_20231027_140604_jpg.rf.3d95744422ed6f59e2f81b1eeb25900e.jpg,1,223,31,410,190
IMG_20231018_113602_jpg.rf.7c7baa3c2f8945c3245f4304616b5d5f.jpg,1,169,95,548,496
IMG_20231103_092324_jpg.rf.c143eb35c0f68d6fb9d03eb0f7467502.jpg,1,259,65,585,514
IMG_20231020_153617_jpg.rf.193e004f5067de6cd6523edfef4b9d64.jpg,1,89,31,599,580
IMG_20231003_153034_1_jpg.rf.a79d32c766e24313022c189b23e7c445.jpg,1,114,78,590,479
IMG_20231008_153100_jpg.rf.ad0893ab104b8b3dfc6e435cedba186b.jpg,1,84,154,504,595
IMG_20231008_152532_jpg.rf.0c622f7d581eaa84972534f8213232b1.jpg,1,74,174,565,561
IMG_20230927_155714_jpg.rf.dd78d756b530d52c5aea9ece12c0654f.jpg,1,110,151,334,436
IMG_20230927_155714_jpg.rf.dd78d756b530d52c5aea9ece12c0654f.jpg,1,326,135,569,430
V2-4-00039_png.rf.69b8c7f13c4fe94ec1a1214fd2f94da2.jpg,1,113,65,309,274
V2-4-00039_png.rf.69b8c7f13c4fe94ec1a1214fd2f94da2.jpg,1,309,96,384,277
IMG_20230927_155816_jpg.rf.1d36139e4ab3d14e81986c156f5d6668.jpg,1,200,104,435,396
Mix-1-00001_png.rf.8ac5732cd1e0030be0decaf3917a05dd.jpg,1,171,20,363,216
Mix-1-00001_png.rf.8ac5732cd1e0030be0decaf3917a05dd.jpg,1,276,155,416,343
V1-2-00001_png.rf.6dd9ca7d33df8c2dde5dfdec26056efa.jpg,1,294,119,423,230
IMG_20230926_145945_jpg.rf.9d2c2889a35b0a135ff14714d35c41d2.jpg,1,194,148,421,494
Mix-3-00036_png.rf.989acb2d3dee39d99fbed76b350d652a.jpg,1,305,128,350,270
Mix-3-00036_png.rf.989acb2d3dee39d99fbed76b350d652a.jpg,1,240,24,388,261
Mix-3-00036_png.rf.989acb2d3dee39d99fbed76b350d652a.jpg,1,194,58,293,246
IMG_20231002_143314_jpg.rf.b04ac78d87e3ac8f12574dbbb0f6240a.jpg,1,96,165,528,438
IMG_20231030_111739_jpg.rf.fa8351d2fd4ec7870b540962de4805ba.jpg,1,76,114,619,443
IMG_20231030_111646_jpg.rf.28fba83d136fb1eea3d4b29e5bb28425.jpg,1,64,116,545,468
IMG_20230926_150242_jpg.rf.e6e0cbccad7482d6af29b47b94737b23.jpg,1,220,266,401,513
VC-2-00001_png.rf.1be28996605ab744ffe12e3ddf3b715a.jpg,1,254,154,329,233
IMG_20231003_153209_jpg.rf.5cd1dfa386ea046294f506a733846643.jpg,1,58,49,504,620
IMG_20231002_143617_jpg.rf.db14ce7fa0c161006748b90024a1e47d.jpg,1,121,134,459,538
V2-2-00028_png.rf.a6ed6f8d313342c9d0ac740324e5cdf7.jpg,1,320,55,461,264
V2-2-00028_png.rf.a6ed6f8d313342c9d0ac740324e5cdf7.jpg,1,189,105,325,269
IMG_20231016_150630_jpg.rf.0b1161b22bc9cb0e178c508ceb4e9397.jpg,1,116,71,358,458
IMG_20231106_090534_jpg.rf.7fb2c7b565777dbd2a15783be0f55a73.jpg,1,240,20,436,526
IMG_20231010_110316_jpg.rf.d20db77d4c89ec480cd206b2d9861086.jpg,1,163,124,511,579
IMG_20231026_191502_jpg.rf.272e22f4e0f642eafe62f5e9712f866b.jpg,1,209,201,323,524
IMG_20231026_191502_jpg.rf.272e22f4e0f642eafe62f5e9712f866b.jpg,1,305,393,620,611
IMG_20231002_143651_jpg.rf.35da28a466a780006c4714c7edd92847.jpg,1,221,155,548,631
IMG_20231002_143651_jpg.rf.35da28a466a780006c4714c7edd92847.jpg,1,135,60,409,275
IMG_20231002_143637_1_jpg.rf.2df3c91c4e8af52e50f6c9d8325b106f.jpg,1,89,124,338,558
IMG_20231002_143637_1_jpg.rf.2df3c91c4e8af52e50f6c9d8325b106f.jpg,1,341,118,618,553
IMG_20231012_154934_jpg.rf.b713c31934378063284eb54dde9bc86d.jpg,1,128,196,528,529
IMG_20231018_113637_jpg.rf.26f72d67b51166646d54825e5766bdea.jpg,1,188,76,486,539
IMG_20231027_135559_jpg.rf.63f8f6a666ecb8aa68ff61947b98d9d0.jpg,1,139,86,460,548
IMG_20231001_155602_jpg.rf.3bf86f01617f91664e099fad5b345e70.jpg,1,136,118,531,585
IMG_20231018_113901_1_jpg.rf.02ce333b47e6c24b3c1675f7ae60c6bd.jpg,1,60,204,519,444
IMG_20231008_152814_jpg.rf.7c50fb0e09fef64d89b5319c7df39df8.jpg,1,68,210,490,526
V2-4-00027_png.rf.d00247c86b7f61f1e249f0884a9c33da.jpg,1,94,153,318,269
V2-4-00027_png.rf.d00247c86b7f61f1e249f0884a9c33da.jpg,1,318,88,396,278
IMG_20231009_163501_jpg.rf.c0e8aa80a077e1ede9aa4ab41f445bf7.jpg,1,154,101,474,504
IMG_20231020_153635_jpg.rf.9a3df78cb300287065a4e72aff512145.jpg,1,206,19,494,525
IMG_20231106_090821_jpg.rf.a57ae8ca21c99406ad627f2a96c798cd.jpg,1,45,100,391,633
IMG_20231016_150550_jpg.rf.e7d6730c8be6baaa1b20400b519ffe40.jpg,1,128,180,369,486
IMG_20231027_135538_jpg.rf.045beeda720cea22616ca37e84e9a2ed.jpg,1,36,130,563,465
IMG_20231019_105538_jpg.rf.e8e96ee21dc71ebf152a97a2afc20ec6.jpg,1,144,55,449,529
V1-3-00052_png.rf.53de2aaaba58ce812400b6e035c3b3e4.jpg,1,295,20,366,273
IMG_20230927_155331_jpg.rf.0d6d4902b651e08671d7f25495827c3f.jpg,1,256,196,439,445
IMG_20230928_103304_jpg.rf.5d17f857854de92918af336de5079120.jpg,1,189,103,444,468
IMG_20231009_163505_jpg.rf.75bb63be4fb6ba779afd70196b83d70b.jpg,1,200,135,460,566
IMG_20231106_091521_jpg.rf.51f86ae5713a3713a179f743a578acec.jpg,1,108,78,361,561
IMG_20231106_091521_jpg.rf.51f86ae5713a3713a179f743a578acec.jpg,1,246,41,595,538
IMG_20231027_135659_jpg.rf.41c5504283e7d0f83c5b614d707b3cd5.jpg,1,95,166,581,439
IMG_20231016_150619_jpg.rf.a8424b0e2c435cd66231bb6ffb5153a8.jpg,1,186,151,443,499
IMG_20230928_102636_jpg.rf.48a9ce6ace7f47726865afde33e1a2c3.jpg,1,229,154,455,499
IMG_20230926_150127_jpg.rf.1533e9dadda3714f7ce0428ddcf70763.jpg,1,240,238,410,439
IMG_20230926_145814_jpg.rf.63b1928ffc7bfc19bb14fe1f15ea7d64.jpg,1,231,138,421,529
IMG_20230927_155816_jpg.rf.3ea5fa465ec6a7090c3bee794b38d4fb.jpg,1,200,104,435,396
V2-4-00002_png.rf.e9e56f56a704853998d744b23b12867a.jpg,1,54,160,259,332
V2-4-00002_png.rf.e9e56f56a704853998d744b23b12867a.jpg,1,310,33,425,159
Mix-4-00035_png.rf.d7d5311dc6ff715873f7a68a03bf30ec.jpg,1,291,160,356,308
Mix-4-00035_png.rf.d7d5311dc6ff715873f7a68a03bf30ec.jpg,1,348,75,490,292
Mix-4-00035_png.rf.d7d5311dc6ff715873f7a68a03bf30ec.jpg,1,218,35,399,252
IMG_20231003_154026_jpg.rf.19b4543b1697036c81935e504346dc54.jpg,1,115,88,513,495
IMG_20231002_143756_1_jpg.rf.82636af16a761554105a5f43e64ffe90.jpg,1,146,216,543,600
IMG_20231010_110237_jpg.rf.6530d25fea4bab07a5a35018b53471a7.jpg,1,170,61,520,568
IMG_20231030_111811_jpg.rf.3abd83927578a6008d799ea17f97b45e.jpg,1,160,10,548,555
IMG_20231003_153218_jpg.rf.6903a1ee9bbd61cd2f7a7f65c7896ce8.jpg,1,109,63,521,523
Mix-1-00041_png.rf.83b0922eebabec382e349c8d584f6489.jpg,1,229,135,266,298
Mix-1-00041_png.rf.83b0922eebabec382e349c8d584f6489.jpg,1,275,26,436,297
Mix-1-00041_png.rf.83b0922eebabec382e349c8d584f6489.jpg,1,190,15,308,291
IMG_20231026_191052_jpg.rf.f8bd18ebbfcdff18c73a83fe34b649fa.jpg,1,81,185,576,474
IMG_20230927_155807_jpg.rf.270004d4021bd725ea8473e7ae5de3df.jpg,1,209,151,488,515
IMG_20231106_090744_jpg.rf.f574253635a1912cb7f8b7d5a28b1aff.jpg,1,15,45,509,371
IMG_20231106_090839_jpg.rf.6f67a1518f53f726a259841271653fca.jpg,1,31,49,494,524
IMG_20231106_090515_jpg.rf.6a2bd1c67e01f1ba2d1e4b6135e43511.jpg,1,219,353,628,636
IMG_20231103_092607_jpg.rf.05a7794d0e977e40e51e6f7e48dbe75f.jpg,1,79,23,454,503
IMG_20231103_092607_jpg.rf.05a7794d0e977e40e51e6f7e48dbe75f.jpg,1,18,161,284,546
IMG_20231016_150557_jpg.rf.de641c9d45bcc6aaac265415da5406d6.jpg,1,86,101,335,483
IMG_20231005_091118_jpg.rf.8bdf217dae30784fdf0ae715a705e3f6.jpg,1,173,143,533,515
IMG_20231016_150405_jpg.rf.db0bf2fdf4580751c034d631b5c942fe.jpg,1,38,246,363,584
IMG_20230927_155811_jpg.rf.a8d731f271fe8cf98e714ce8e87d9498.jpg,1,183,80,464,495
IMG_20231018_113551_jpg.rf.64299857118871306e538b48b466054e.jpg,1,51,129,614,635
IMG_20231007_113217_jpg.rf.e1ce8d6706c0fcb3dd062c44f0e65b67.jpg,1,189,71,359,429
IMG_20231016_150610_jpg.rf.39dea93036d196fe52f8591a403b516c.jpg,1,93,130,531,540
IMG_20231008_153041_1_jpg.rf.3fd0c6f1914ba4703fc41456cc0f264f.jpg,1,135,166,513,640
IMG_20231012_154937_jpg.rf.7c42d8a41443a258cbe3914f2adffda1.jpg,1,151,153,524,573
IMG_20231027_140604_jpg.rf.5af650fdd9f304ff2a052b9decfdd570.jpg,1,93,180,515,505
IMG_20231027_140604_jpg.rf.5af650fdd9f304ff2a052b9decfdd570.jpg,1,223,31,410,190
Mix-3-00036_png.rf.c8fb333678d7d544db9d92c309da5ee7.jpg,1,305,128,350,270
Mix-3-00036_png.rf.c8fb333678d7d544db9d92c309da5ee7.jpg,1,240,24,388,261
Mix-3-00036_png.rf.c8fb333678d7d544db9d92c309da5ee7.jpg,1,194,58,293,246
Mix-4-00047_png.rf.718890790c858b98e37bca326f093cb7.jpg,1,274,139,349,276
Mix-4-00047_png.rf.718890790c858b98e37bca326f093cb7.jpg,1,324,83,449,267
Mix-4-00047_png.rf.718890790c858b98e37bca326f093cb7.jpg,1,205,40,365,266
IMG_20231012_154800_jpg.rf.3e1f2e4365f750ee2113775eba2835b0.jpg,1,149,143,493,516
IMG_20231026_191428_jpg.rf.8b3a05f4fef1ffa839a5f85d63b7fd75.jpg,1,81,0,301,399
IMG_20231026_191428_jpg.rf.8b3a05f4fef1ffa839a5f85d63b7fd75.jpg,1,278,294,595,553
IMG_20230928_102649_jpg.rf.f9d1b48526e6ecc5d51231e9ab4f9050.jpg,1,206,100,419,494
IMG_20231019_190457_jpg.rf.7acbe58538bde72c8be2ca0acdeed8db.jpg,1,29,203,404,623
IMG_20231016_150332_jpg.rf.b38fd1f01a9fe671f9536d048f632253.jpg,1,71,33,475,434
IMG_20231008_153048_jpg.rf.8c2b3a66662fe48121342c331a06b23e.jpg,1,215,148,488,621
IMG_20231016_150449_jpg.rf.ffc11eb4a9b8404348a429b0918c8d10.jpg,1,128,101,508,493
IMG_20231106_091608_jpg.rf.594b7514ebdecfb1776a7675f0dd52cb.jpg,1,93,61,358,601
IMG_20231106_091608_jpg.rf.594b7514ebdecfb1776a7675f0dd52cb.jpg,1,305,149,546,584
IMG_20230927_155336_jpg.rf.c70f1baf38d7a64adb9a7c0f6df6c781.jpg,1,258,104,423,419
IMG_20231009_163756_jpg.rf.da79948ba1f1e026ca2624587df94c35.jpg,1,151,111,491,595
IMG_20231026_191436_jpg.rf.aae424b67435117ce3398e785e2daa09.jpg,1,180,126,273,545
IMG_20231026_191436_jpg.rf.aae424b67435117ce3398e785e2daa09.jpg,1,238,50,549,525
IMG_20231025_111503_jpg.rf.c843df1086b09ce95c2e8a691e0de99f.jpg,1,130,75,509,576
IMG_20231025_111545_jpg.rf.55a47ae1bab0fa020e311a556e404695.jpg,1,139,76,510,605
IMG_20231027_135858_jpg.rf.982a39c64f702814e5d2dab04d1fa737.jpg,1,46,71,535,470
IMG_20231010_110037_1_jpg.rf.84392b72173d8acc536742b59f8e787d.jpg,1,105,133,460,569
IMG_20231106_090412_jpg.rf.e44b45eb637340eeef6a77f6d7adac1a.jpg,1,14,104,571,514
IMG_20230925_101911_jpg.rf.d6e7d08e4dc2c81173006e219c31b0a4.jpg,1,285,234,393,406
IMG_20231023_111155_jpg.rf.7ce9abfd26b57fb60fe57ecad743de6d.jpg,1,1,183,570,488
IMG_20231026_191239_jpg.rf.1644f795bcf084fef2ab05a096c4fe52.jpg,1,150,71,381,513
IMG_20230927_155159_jpg.rf.3dccd952f041ba6cad427f5be8ee5cb5.jpg,1,246,181,509,479
IMG_20231106_090546_jpg.rf.b21c13481ff820fe02a93254ccc701de.jpg,1,60,200,384,613
IMG_20231027_135552_jpg.rf.f4404737d89eefa790104a8ce0c32733.jpg,1,103,40,511,640
IMG_20231018_113623_jpg.rf.32cf98af3331d7edc4efd0d5bc0cf578.jpg,1,39,49,619,539
IMG_20231008_152436_jpg.rf.f67e7c01444150312b8c387af3c990e3.jpg,1,65,76,511,555
IMG_20231002_143346_jpg.rf.94cd166a23a71dc4bc1b33f548b3c544.jpg,1,63,153,565,428
IMG_20231003_153204_jpg.rf.fa39d67c3c560cb5a8303fc9a792287c.jpg,1,113,175,524,543
IMG_20230927_155718_jpg.rf.bfedba60d06a8543f2f2a9f39731f1b5.jpg,1,66,124,305,454
IMG_20230927_155718_jpg.rf.bfedba60d06a8543f2f2a9f39731f1b5.jpg,1,316,125,531,454
IMG_20231012_155053_jpg.rf.ad23b41499085303608178ae93e084c0.jpg,1,76,170,636,503
IMG_20231010_110307_jpg.rf.ed15d8106aca51e89576368424b1f847.jpg,1,169,96,531,628
IMG_20231026_191103_jpg.rf.2dcf63225940c127de77f0a02253f281.jpg,1,170,35,468,520
IMG_20230928_102649_jpg.rf.26e3047e86a4c15c8e6b2ade60ae1cb5.jpg,1,206,100,419,494
IMG_20231002_143632_jpg.rf.05c87922d575282a3110d9fb7b54724a.jpg,1,56,226,315,584
IMG_20231002_143632_jpg.rf.05c87922d575282a3110d9fb7b54724a.jpg,1,319,223,611,554
V1-4-00055_png.rf.3ff449574a5bfd40fff75a4995414f1a.jpg,1,274,58,349,293
IMG_20231012_155212_jpg.rf.c53b280e7119b0a08eff47e0239253f1.jpg,1,151,139,510,534
IMG_20231030_111811_jpg.rf.666ab6eac9861755fd19cbff6e406767.jpg,1,160,10,548,555
IMG_20231007_113124_jpg.rf.7389a5051d861fba8e2fee658ea2b64f.jpg,1,288,151,465,445
IMG_20231106_090709_jpg.rf.f3022035260e1e842522b7825b7a91d1.jpg,1,33,154,349,628
IMG_20231103_092345_jpg.rf.3a76f350cfd18da87ada8e716baf633c.jpg,1,156,36,479,601
IMG_20231106_090433_jpg.rf.c34c23ea1dcb6def9f55f642a3d9676f.jpg,1,30,196,350,631
IMG_20231023_111139_jpg.rf.2575ae344d0505f07c82d052c0a127d2.jpg,1,198,69,455,613
IMG_20231001_155928_jpg.rf.a46755272a0a62673fe4a2c67abc386c.jpg,1,59,153,588,501
V1-2-00001_png.rf.de4a78316616a7e0c075b57c11a52382.jpg,1,294,119,423,230
IMG_20231019_105554_jpg.rf.32f740b8b9581b3016988f0cc08728f9.jpg,1,31,163,576,566
IMG_20231030_111706_jpg.rf.caa8f1c8504f8267daf109b1bd6c3aef.jpg,1,96,149,565,555
IMG_20231012_155145_jpg.rf.75d7a45f5969878f1c7030d0d690e663.jpg,1,193,149,585,515
IMG_20231005_090958_jpg.rf.36b03d1d540472ca48757d151c017ccf.jpg,1,31,205,349,591
IMG_20231005_090958_jpg.rf.36b03d1d540472ca48757d151c017ccf.jpg,1,234,163,539,538
IMG_20231003_154053_jpg.rf.3948c1443538f12812797f94811a1508.jpg,1,115,69,334,414
IMG_20231003_154053_jpg.rf.3948c1443538f12812797f94811a1508.jpg,1,329,125,569,533
IMG_20231025_111548_jpg.rf.edfaf3310106918fa8712ad57414ac4d.jpg,1,179,94,529,545
IMG_20231012_155159_jpg.rf.40c8c6d60e34711651d4a954d34745dc.jpg,1,120,101,554,468
IMG_20231012_155053_jpg.rf.41313c633fc0ad4afa9c890cf9d84edb.jpg,1,76,170,636,503
IMG_20231023_111209_jpg.rf.b4099e4baa5611f475747703317bf08c.jpg,1,225,175,440,495
IMG_20230926_145908_jpg.rf.83fa6e9d8ee7447b5b778e3d0acc8cd8.jpg,1,194,123,403,506
IMG_20230927_155751_jpg.rf.390005bd08c5000ccd44b2e811de2885.jpg,1,163,116,485,433
IMG_20231002_143526_jpg.rf.244bbdcd929fc26161c7b6044adbdba9.jpg,1,189,73,546,526
IMG_20230926_145827_jpg.rf.863fc4cb523afff0fbb7623ec3090168.jpg,1,158,176,435,474
IMG_20231009_163518_jpg.rf.202c6476c4b177edbc40422642e7a73e.jpg,1,129,150,469,549
IMG_20231004_153847_jpg.rf.12581f6d8f6199f308d5d1d0a48ce5f1.jpg,1,205,146,439,543
IMG_20231004_153934_jpg.rf.59318820695f69f23577b085c079500e.jpg,1,84,216,323,525
IMG_20231004_153934_jpg.rf.59318820695f69f23577b085c079500e.jpg,1,276,201,516,458
IMG_20231018_113616_jpg.rf.af47fc9556666bdce37111a0ca861cd8.jpg,1,216,69,579,629
IMG_20231009_163800_jpg.rf.60d12ca6c01711b2668ac6761f56c2a3.jpg,1,158,168,480,608
IMG_20231103_092247_jpg.rf.50c10716d7497b7cd51db80104c01932.jpg,1,184,79,488,525
VE-4-00015_png.rf.4945f2fb56e07dd1bbf85b048991addd.jpg,1,208,0,245,169
IMG_20230928_102719_jpg.rf.97b2627266e8fe7d8578ae413cc3a205.jpg,1,236,258,453,413
IMG_20230926_150339_jpg.rf.d35841d163dc06a0694d2e47c6f60f91.jpg,1,205,210,368,384
IMG_20231016_150453_jpg.rf.560c1f99a6ae1554552a002b665ccbb6.jpg,1,146,96,433,356
IMG_20231103_092353_jpg.rf.1a403ec0c4298d9ec60ba263b34b80cd.jpg,1,153,110,499,531
IMG_20231007_113208_jpg.rf.f7cb33a7b6366655a7d22118c851e47d.jpg,1,191,250,374,406
IMG_20231005_091109_jpg.rf.96565912f6234b8785942db7e3a2e917.jpg,1,205,199,459,631
IMG_20231012_155154_jpg.rf.39e1f45cc8a85d622b5e2d82d2dccb0c.jpg,1,156,159,484,528
V2-4-00040_png.rf.c064b0c3750315a8460bf08ae188ea97.jpg,1,114,74,310,288
V2-4-00040_png.rf.c064b0c3750315a8460bf08ae188ea97.jpg,1,310,104,386,289
IMG_20231012_155105_jpg.rf.fa5c560e674b9e69c551c2eefe64b92b.jpg,1,201,116,463,509
IMG_20231004_153934_jpg.rf.eec55ebdda87085354ae23bd23b0f3bc.jpg,1,84,216,323,525
IMG_20231004_153934_jpg.rf.eec55ebdda87085354ae23bd23b0f3bc.jpg,1,276,201,516,458
IMG_20230925_102027_jpg.rf.cf867f97c36d3f8a26d17a4735d39d93.jpg,1,276,255,391,438
IMG_20231025_111533_jpg.rf.11ca2298d2d756140801fb086b6120e8.jpg,1,11,86,554,488
IMG_20231016_150515_jpg.rf.f94599c5bc5abbe78aec8fdd470f675e.jpg,1,323,95,574,480
IMG_20231007_113309_jpg.rf.33fb9abf1ed59311e7e5c72eaa08d4ce.jpg,1,253,51,403,538
IMG_20231007_113309_jpg.rf.33fb9abf1ed59311e7e5c72eaa08d4ce.jpg,1,270,389,293,433
IMG_20231007_113309_jpg.rf.33fb9abf1ed59311e7e5c72eaa08d4ce.jpg,1,301,311,348,378
IMG_20231007_113309_jpg.rf.33fb9abf1ed59311e7e5c72eaa08d4ce.jpg,1,361,119,510,288
IMG_20231027_135533_jpg.rf.36c420c421cb5c0210ae3a2ff23cf19b.jpg,1,26,126,573,489
IMG_20231026_191103_jpg.rf.7dd692354df234384aad01cf6cee26a6.jpg,1,170,35,468,520
IMG_20231004_154115_1_jpg.rf.986d010185fd21c0e452cc339f7446fc.jpg,1,185,110,506,559
IMG_20231016_150452_jpg.rf.882c3078725efd2dedeacdec1ee6a738.jpg,1,91,146,378,441
IMG_20231004_154002_1_jpg.rf.709ef36638baaa06c91a87914f54fa4b.jpg,1,291,166,560,531
IMG_20231004_154002_1_jpg.rf.709ef36638baaa06c91a87914f54fa4b.jpg,1,71,190,323,538
IMG_20231008_152738_jpg.rf.64bfef77de1fd4898a9266e23d849c71.jpg,1,116,103,564,529
IMG_20230926_145759_jpg.rf.a0068aa56198ec80689832740647746a.jpg,1,165,179,488,446
IMG_20231005_091046_1_jpg.rf.c925e15ae7470f256fdc9d404d7e4733.jpg,1,114,180,486,573
IMG_20231026_191247_jpg.rf.a57957a799d60114f44cf57c2fbe1581.jpg,1,45,180,543,468
IMG_20231003_153204_jpg.rf.a67e3caeade5a4e4d68aabeefa4f28cb.jpg,1,113,175,524,543
IMG_20231026_191123_jpg.rf.6f2ef0c37311a68c55b8d60425fe86f0.jpg,1,119,173,640,475
IMG_20231020_153623_jpg.rf.13bbaf18eb6d719529d08e47c7148f91.jpg,1,160,90,471,611
IMG_20231016_150405_jpg.rf.7f02beb28c563a35d55c2b1f8329a856.jpg,1,38,246,363,584
IMG_20231004_154056_1_jpg.rf.2919ff7804a3de03f05027c13f818ef0.jpg,1,100,144,485,474
V1-3-00017_png.rf.e9cf7a8611d96ff551c51233329c107d.jpg,1,330,35,429,237
IMG_20231103_092228_jpg.rf.a58278413aaaf98f90a9d0b994493f1c.jpg,1,98,239,640,589
IMG_20231026_191542_jpg.rf.c97578ae3670fcba9ff8aa44d070d590.jpg,1,335,131,510,483
IMG_20231026_191542_jpg.rf.c97578ae3670fcba9ff8aa44d070d590.jpg,1,13,54,360,293
IMG_20231027_135807_jpg.rf.9c127fab8f9fdcf353641616be7eab3b.jpg,1,118,70,460,541
IMG_20231103_092407_jpg.rf.c731c557f9e2b81dc1c41e88ebcee868.jpg,1,201,329,608,608
IMG_20231016_150453_jpg.rf.19a5e8785cf0044e6efa12036f37047f.jpg,1,146,96,433,356
IMG_20231001_155617_jpg.rf.ce7f0f3214a40f70a4c84f4c60f3453c.jpg,1,91,105,514,588
IMG_20231008_153041_1_jpg.rf.afaa3a4cd8bf18530a0f6e91d2c03a57.jpg,1,135,166,513,640
VC-4-00015_png.rf.a2453d939a4474d10667c1a714f37c00.jpg,1,248,110,295,254
IMG_20231003_153651_jpg.rf.d9912e11401570ae617a660ecdb4fb65.jpg,1,130,216,301,555
IMG_20231003_153651_jpg.rf.d9912e11401570ae617a660ecdb4fb65.jpg,1,286,189,495,435
IMG_20231023_111139_jpg.rf.d8660a89ff0e471bcca247d7ab0250f2.jpg,1,198,69,455,613
IMG_20230926_145716_jpg.rf.16c0bb734634d247037d0a3666c17b4e.jpg,1,260,88,435,536
VE-4-00001_png.rf.638494cec21559cd0129d54ba19824f0.jpg,1,233,128,298,235
IMG_20231005_091040_jpg.rf.fa42cd5f9469735d728c9e41c78f673e.jpg,1,173,153,534,509
IMG_20231003_152419_jpg.rf.a407e7cceabc49bbf0af97c07a7737ab.jpg,1,313,213,566,558
IMG_20231003_152419_jpg.rf.a407e7cceabc49bbf0af97c07a7737ab.jpg,1,31,104,314,539
IMG_20231012_154824_jpg.rf.7a8a17f1e47f1690c09c3f37c04bc514.jpg,1,180,110,430,543
IMG_20231026_191131_jpg.rf.a5bea75579b2c9f3bc178337fb628b2d.jpg,1,234,46,401,526
IMG_20231027_135606_jpg.rf.328f205e307e91304844fe1a5c593082.jpg,1,56,193,583,548
V1-4-00010_png.rf.49e6658a0ad0f36a89d21a12f1fe036f.jpg,1,295,120,421,269
IMG_20231027_135854_jpg.rf.0d44a5db1c7dbc7d22ae3f0929d93955.jpg,1,70,203,501,489
IMG_20231007_113350_jpg.rf.c6a73541a47ad6e6a3eb94b483d0d29a.jpg,1,104,133,376,536
IMG_20231007_113350_jpg.rf.c6a73541a47ad6e6a3eb94b483d0d29a.jpg,1,283,73,410,453
IMG_20231012_154902_jpg.rf.cb46af0a57bb10763a63d630fef92eb2.jpg,1,148,135,555,538
Mix-3-00026_png.rf.435162b5eddcfc792249bee008ec4680.jpg,1,220,54,313,234
Mix-3-00026_png.rf.435162b5eddcfc792249bee008ec4680.jpg,1,331,163,350,222
Mix-3-00026_png.rf.435162b5eddcfc792249bee008ec4680.jpg,1,280,29,400,216
IMG_20231026_191458_jpg.rf.ae74b6c6075bfe566078115b3d15bbe0.jpg,1,39,203,169,541
IMG_20231026_191458_jpg.rf.ae74b6c6075bfe566078115b3d15bbe0.jpg,1,156,415,495,631
IMG_20231103_092603_jpg.rf.0ed4e2bf33439f5fe880805297fc2d56.jpg,1,339,14,619,455
IMG_20231103_092603_jpg.rf.0ed4e2bf33439f5fe880805297fc2d56.jpg,1,178,124,416,489
V1-1-00011_png.rf.519bf9293966188f7720456940085c02.jpg,1,341,78,486,268
IMG_20231016_150502_jpg.rf.611b56ace9e2d8fdbfa72cb55e392d38.jpg,1,101,174,310,500
IMG_20231025_111533_jpg.rf.e2074ca99f7e513a1294738bf20d1eb5.jpg,1,11,86,554,488
IMG_20231030_111658_jpg.rf.ee5bf115ad299fec4b16fa93caa4f0a2.jpg,1,150,151,569,480
VE-1-00017_png.rf.bbf600a8f522e8c2448b0da5368d7268.jpg,1,350,105,423,248
IMG_20231106_090433_jpg.rf.08a0c29da7f2df645c365a01512a036f.jpg,1,30,196,350,631
VE-3-00002_png.rf.db6f48592413032d0a004ae5b2348e32.jpg,1,121,100,301,200
IMG_20231016_150536_jpg.rf.794c926d6feb03c075d2b4969b94d32a.jpg,1,255,38,584,374
IMG_20231106_090812_jpg.rf.b2a9fbc883d77a04b6b2e525a0cf9f40.jpg,1,250,18,619,581
IMG_20231103_092505_jpg.rf.88559aed733d70b5fa992d5ed6fd84da.jpg,1,8,21,329,454
IMG_20231103_092505_jpg.rf.88559aed733d70b5fa992d5ed6fd84da.jpg,1,248,125,489,424
IMG_20231012_155105_jpg.rf.9c89fcc3ba0049314de130f844db7db5.jpg,1,201,116,463,509
IMG_20230927_154935_jpg.rf.2fbd31f880760443e408e6d30bff2606.jpg,1,244,204,384,395
IMG_20231103_092228_jpg.rf.bd37701beee3e7fa4961a2b7addda41b.jpg,1,98,239,640,589
IMG_20231003_153237_jpg.rf.9d2c60510a751c3c977f07f974d9978e.jpg,1,143,101,500,544
IMG_20231001_155608_1_jpg.rf.7bb534e061535b827c01cf19f64c09d3.jpg,1,153,115,484,524
IMG_20231026_191506_jpg.rf.c63f5a330f87858ba4545d208156f201.jpg,1,218,78,368,445
IMG_20231026_191506_jpg.rf.c63f5a330f87858ba4545d208156f201.jpg,1,329,258,623,493
IMG_20230927_155154_jpg.rf.99fb4293eb5382f9b409c91c92003501.jpg,1,135,148,495,488
V2-4-00026_png.rf.cbb5fcd6be0f521848be3c7fe436d35a.jpg,1,79,163,319,269
V2-4-00026_png.rf.cbb5fcd6be0f521848be3c7fe436d35a.jpg,1,321,91,406,284
IMG_20231004_153705_1_jpg.rf.bb651fed18a3596264c7c340be2dd8cb.jpg,1,65,178,525,541
IMG_20230927_154846_jpg.rf.491dd8ab8c5cb1ea315363399a7687ce.jpg,1,301,229,424,385
IMG_20231003_153034_1_jpg.rf.4291da522ea362df804f745047401ab7.jpg,1,114,78,590,479
IMG_20231106_090427_jpg.rf.da215c013a47e7c853ccc5ac3af4ff53.jpg,1,435,46,438,49
IMG_20231106_090427_jpg.rf.da215c013a47e7c853ccc5ac3af4ff53.jpg,1,290,5,591,469
IMG_20231004_154131_jpg.rf.46fc5c1d21a4c4154fd7e489fb14a6e3.jpg,1,159,121,480,516
IMG_20231005_091035_jpg.rf.407b9da004f8e7643da25a3f34b69750.jpg,1,158,115,461,586
IMG_20231027_135620_jpg.rf.f89ecd5402f01848b978de2a7a95fb71.jpg,1,154,66,509,634
IMG_20230926_150304_jpg.rf.6a367fedebc92c29715f67d2dd7c78b0.jpg,1,250,196,405,481
IMG_20231016_150404_jpg.rf.54aaf1fa14be5b0758bdc3f84f2cb877.jpg,1,96,234,461,616
IMG_20231003_152952_jpg.rf.a6ac6f1ec058f96b2030306dcd942bb8.jpg,1,124,111,469,526
V2-4-00026_png.rf.4fb6681c9877b2ba8331aa1d53495986.jpg,1,79,163,319,269
V2-4-00026_png.rf.4fb6681c9877b2ba8331aa1d53495986.jpg,1,321,91,406,284
IMG_20231004_153934_jpg.rf.f41baa56a173107da8d79b863aa50a9b.jpg,1,84,216,323,525
IMG_20231004_153934_jpg.rf.f41baa56a173107da8d79b863aa50a9b.jpg,1,276,201,516,458
IMG_20231011_112124_jpg.rf.cf4e88c8c8ec0d27b115d8615c551f3d.jpg,1,76,158,519,621
IMG_20231106_090546_jpg.rf.9418a37af7c3d349daf58a61e011bdb4.jpg,1,60,200,384,613
IMG_20230926_145759_jpg.rf.7ca76a7104511654a30af6ddc0a99e51.jpg,1,165,179,488,446
IMG_20231009_163532_jpg.rf.719e13c144065dfdb03cb35151c4b9c9.jpg,1,39,146,554,521
IMG_20231007_113213_jpg.rf.d660e52faf69970022ddd70cba0aa7da.jpg,1,168,96,374,429
IMG_20231010_110105_jpg.rf.338554d7a40252dee45d77e6dadb4c23.jpg,1,171,104,516,531
IMG_20231002_143612_jpg.rf.75c85c3685e6690eee96fa682a49960f.jpg,1,155,216,470,496
IMG_20231009_163548_1_jpg.rf.bd878ccb4e3e14df2a3a651046918067.jpg,1,120,176,469,566
IMG_20231106_090624_jpg.rf.dd9289e7628133e4d55e368a077dc895.jpg,1,59,313,478,615
IMG_20231008_153056_jpg.rf.bf4a0e65c279de20747b94434dd977db.jpg,1,83,126,566,521
IMG_20230925_101905_jpg.rf.d26a6a6d5f91948ca75c543995fe9002.jpg,1,264,218,394,434
V2-2-00041_png.rf.abc3d153abd62cc5451267bf95e4790f.jpg,1,188,26,359,302
V2-2-00041_png.rf.abc3d153abd62cc5451267bf95e4790f.jpg,1,316,90,471,302
IMG_20230926_145940_jpg.rf.6e5d9ceeb91bb6652f19380fdf3cd011.jpg,1,164,233,463,444
IMG_20231016_150619_jpg.rf.40ab830768ab17d426382525510da533.jpg,1,186,151,443,499
VC-3-00029_png.rf.cf179198f08e45e1a8fac4ee9a90100c.jpg,1,233,119,291,326
IMG_20230926_145900_jpg.rf.7a8c2c6f0dfdb99694803e81513ea678.jpg,1,198,106,434,458
IMG_20231026_191545_jpg.rf.d573eb08f9c60b8d5f41571db8f8d734.jpg,1,6,246,318,423
IMG_20231026_191545_jpg.rf.d573eb08f9c60b8d5f41571db8f8d734.jpg,1,314,304,458,635
IMG_20231106_090751_jpg.rf.9c15f3f1d6f846a7e0d1a63f96b57c94.jpg,1,231,360,629,631
IMG_20231001_155750_jpg.rf.996f261ec9350ead72f6d22432f5f9f1.jpg,1,303,146,574,488
IMG_20231001_155750_jpg.rf.996f261ec9350ead72f6d22432f5f9f1.jpg,1,128,130,386,464
IMG_20231016_150502_jpg.rf.56d9a04290bcff9222398d3beef82b87.jpg,1,101,174,310,500
IMG_20231009_163532_jpg.rf.37286516cac6344d7c355ab99e91e1b1.jpg,1,39,146,554,521
VE-2-00001_png.rf.7eff048acbfc7588b3ab468081dc42cc.jpg,1,286,184,320,264
VC-2-00038_png.rf.542423fb185fccbad27c63ded89db639.jpg,1,310,108,353,318
IMG_20231019_105523_jpg.rf.bf4565d2bb03b87b41eaaf44ec19c8e7.jpg,1,34,150,609,443
IMG_20231002_143346_jpg.rf.978892e0fcb005c33f46131146a347d1.jpg,1,63,153,565,428
IMG_20231106_090728_jpg.rf.e7425646afc83c2c96416ebb08b5bf5d.jpg,1,85,75,564,543
IMG_20231018_113634_jpg.rf.743f4e238d7af11088345d19fd8cb489.jpg,1,169,101,479,564
IMG_20231023_111050_jpg.rf.a4bb64408d0d5d8cd610aef0573941d7.jpg,1,60,111,540,525
IMG_20231016_150432_jpg.rf.2da1deb90f1cb0c70a63ad2fa95a4f25.jpg,1,41,55,305,469
IMG_20231026_191442_jpg.rf.d8202e96d06ccb1f5ae1cc7dede987bb.jpg,1,235,26,345,400
IMG_20231026_191442_jpg.rf.d8202e96d06ccb1f5ae1cc7dede987bb.jpg,1,335,123,624,373
IMG_20231016_150556_jpg.rf.513ea4dbce95765ce666c1ddb918d1f3.jpg,1,350,139,571,474
IMG_20231025_111512_jpg.rf.03ad6eb2896705fc6098c6e95aab7e7b.jpg,1,129,145,493,554
IMG_20231026_191059_jpg.rf.a09f7adc5f9a1286a8fb1b897c40b64a.jpg,1,115,95,535,499
IMG_20231030_111710_jpg.rf.968f01fc30dd162a517c63441567fa8b.jpg,1,86,155,596,481
IMG_20231019_105514_jpg.rf.07f0ed6ba68c6951173d2810389d5df6.jpg,1,151,63,484,486
IMG_20231001_155836_jpg.rf.8c9901d7ff781f18dc5835a0b7baf04b.jpg,1,79,103,309,469
IMG_20231001_155836_jpg.rf.8c9901d7ff781f18dc5835a0b7baf04b.jpg,1,291,125,599,415
IMG_20231010_110037_1_jpg.rf.c2f727ae60877edd8da6dfd939791dfc.jpg,1,105,133,460,569
IMG_20231007_113350_jpg.rf.ce5dcc7eaea9c01eb9691bea42fdf0ed.jpg,1,104,133,376,536
IMG_20231007_113350_jpg.rf.ce5dcc7eaea9c01eb9691bea42fdf0ed.jpg,1,283,73,410,453
IMG_20231025_111512_jpg.rf.93468d8aaaee9a2faeca48c737c16e4d.jpg,1,129,145,493,554
IMG_20231003_153200_jpg.rf.e2103fb44197525c64ecc4f1f9d74fd7.jpg,1,133,116,516,525
IMG_20231027_135858_jpg.rf.172c170f6e98640a94709d47534d1b47.jpg,1,46,71,535,470
IMG_20231103_092357_jpg.rf.617e97bfeed0f1965c87650431fa9dcd.jpg,1,166,0,629,378
V2-3-00002_png.rf.b62403cb9bf6788363f3494d1c28a0bf.jpg,1,184,23,295,131
V2-3-00002_png.rf.b62403cb9bf6788363f3494d1c28a0bf.jpg,1,290,191,439,347
IMG_20231002_143309_jpg.rf.84a1e7b2bfa23b39b439267dca133a2d.jpg,1,71,195,535,424
IMG_20231016_150407_jpg.rf.8c75f4b799caf32e38afa116d3aab951.jpg,1,116,191,415,543
IMG_20230925_101958_jpg.rf.c31028484871b087e28be2f9b73b24cb.jpg,1,233,238,403,424
IMG_20231106_090803_jpg.rf.14f76c195f4b6fa06df694e95c58e73e.jpg,1,184,103,479,539
IMG_20231103_092230_jpg.rf.cc9298ea4f5f998ff49c667c9933146e.jpg,1,100,34,614,399
IMG_20231106_090540_jpg.rf.5dd0852958e54e3b7e02d5b7516a45fa.jpg,1,255,41,614,456
IMG_20231106_090903_jpg.rf.c85cff86247ad954775f4ba1e22593b3.jpg,1,243,311,636,621
IMG_20231010_110250_jpg.rf.12745fad022cab33d0302c7c1da96b4c.jpg,1,35,116,625,546
IMG_20231027_135746_jpg.rf.b5012be0ff0ae9ac7c2ae7e32d84d093.jpg,1,70,63,540,494
IMG_20231004_154002_1_jpg.rf.2debfa4caeff8b0834990224da26d44b.jpg,1,291,166,560,531
IMG_20231004_154002_1_jpg.rf.2debfa4caeff8b0834990224da26d44b.jpg,1,71,190,323,538

IMG_20231012_155103_jpg.rf.427040c4d68a266d73e0d3cc36e7a3ea.jpg,1,155,141,471,473
IMG_20231103_092217_jpg.rf.dc5e300de35fb171f99215ff8f15f9b0.jpg,1,184,109,454,561
IMG_20231027_135851_jpg.rf.e2cfb56ebe523121ea802eec8b4a0c84.jpg,1,53,180,535,476
IMG_20231008_152738_jpg.rf.18f2bd105552513c3a21582d9fe65c71.jpg,1,116,103,564,529
IMG_20231012_155100_jpg.rf.a9218cfe4b1962233c970b4b3e32ff39.jpg,1,156,74,473,586
IMG_20231018_113546_jpg.rf.fe4f5aaea4c7be5771837ae6370afd9b.jpg,1,46,175,596,534
IMG_20231030_111701_jpg.rf.e2293a504cd951e2608fd18ff7d43318.jpg,1,145,114,530,468
IMG_20231103_092247_jpg.rf.de3b25bd8a82e19784be090179d738cb.jpg,1,184,79,488,525
VC-2-00024_png.rf.095a5b083b9891e44c0bef900d63db3f.jpg,1,308,80,365,256
IMG_20230927_154907_jpg.rf.cba6013aea6a46dc705602849eb1dc3c.jpg,1,229,189,440,416
IMG_20231026_191542_jpg.rf.b8651b67b569ed472d88e140eb875342.jpg,1,335,131,510,483
IMG_20231026_191542_jpg.rf.b8651b67b569ed472d88e140eb875342.jpg,1,13,54,360,293
IMG_20230926_145756_jpg.rf.a630f5eeb8438dc39712f84661fe8aa9.jpg,1,154,220,475,456
IMG_20231010_110023_jpg.rf.a590e5ed7e6f2d5d9727c98ca5d2a6fb.jpg,1,106,120,445,595
Mix-4-00047_png.rf.56f23a11dad8d47ed0a4b48f834691b8.jpg,1,274,139,349,276
Mix-4-00047_png.rf.56f23a11dad8d47ed0a4b48f834691b8.jpg,1,324,83,449,267
Mix-4-00047_png.rf.56f23a11dad8d47ed0a4b48f834691b8.jpg,1,205,40,365,266
Mix-1-00002_png.rf.9c593653bd7e62167257d677912e0585.jpg,1,170,25,361,222
Mix-1-00002_png.rf.9c593653bd7e62167257d677912e0585.jpg,1,275,159,416,348
VC-4-00015_png.rf.8b09b5a89449b219101658453e79608f.jpg,1,248,110,295,254
IMG_20231106_090713_jpg.rf.671bd5e987e263bc519e26bc14df1061.jpg,1,328,198,626,628
IMG_20230928_102550_jpg.rf.9044a602ae2ed3e5417fe8fa49e5d7c9.jpg,1,158,218,408,591
IMG_20231103_092301_jpg.rf.29106dde698f364ad54248a81283f6f5.jpg,1,280,124,623,618
Mix-1-00019_png.rf.cf1dba6059ad7ee84974eb21839e079c.jpg,1,216,54,385,169
Mix-1-00019_png.rf.cf1dba6059ad7ee84974eb21839e079c.jpg,1,270,159,303,228
Mix-1-00019_png.rf.cf1dba6059ad7ee84974eb21839e079c.jpg,1,308,114,458,331
Mix-1-00019_png.rf.cf1dba6059ad7ee84974eb21839e079c.jpg,1,0,0,29,71
IMG_20231019_105538_jpg.rf.6da0576d073d367706ff8910c580c279.jpg,1,144,55,449,529
IMG_20231001_155621_jpg.rf.1b4d8402a1e767e5862181a5136a9656.jpg,1,126,155,458,530
IMG_20231011_112127_jpg.rf.9ac227b5c74840b3d15adff73445eead.jpg,1,123,180,509,640
IMG_20230927_155004_jpg.rf.bf9ad1d2cf485d92929155b54828abb1.jpg,1,214,246,405,413
VC-1-00016_png.rf.a59ea1288db75778d3a61c0dfac4324e.jpg,1,283,90,348,248
IMG_20231002_143643_1_jpg.rf.7f50a0ef7d5f39f5e1ef1dcf593b24e1.jpg,1,115,89,546,341
IMG_20231002_143643_1_jpg.rf.7f50a0ef7d5f39f5e1ef1dcf593b24e1.jpg,1,230,279,514,610
IMG_20231011_112117_jpg.rf.96d3b0501af3fa19bfc559c3465ef515.jpg,1,170,223,476,631
IMG_20230928_102649_jpg.rf.04f4479402ff17c73f118c3a7aa0c67b.jpg,1,206,100,419,494
IMG_20231023_111039_jpg.rf.d17108714f84ebbfd91de01422f75c4b.jpg,1,148,43,458,526
IMG_20231009_163739_jpg.rf.1a8bcf864157a3c652680255574565dd.jpg,1,85,165,516,595
IMG_20231010_110307_jpg.rf.117c7c23a2fc833e0dd441492816f1ef.jpg,1,169,96,531,628
IMG_20230927_155204_jpg.rf.dcf048260bd9a34391ba93c5ddb6afdb.jpg,1,228,85,409,386
IMG_20231106_091538_jpg.rf.c2abe1727535cdaf176f69b2781415aa.jpg,1,60,203,413,548
IMG_20231106_091538_jpg.rf.c2abe1727535cdaf176f69b2781415aa.jpg,1,311,288,551,560
IMG_20231001_155649_jpg.rf.ee9675fa6de0003f8f6f18358bd87cde.jpg,1,38,58,345,448
IMG_20231001_155649_jpg.rf.ee9675fa6de0003f8f6f18358bd87cde.jpg,1,149,233,603,611
V2-2-00001_png.rf.101946a5bb384efeaf0faa77d50dcf34.jpg,1,201,214,310,329
V2-2-00001_png.rf.101946a5bb384efeaf0faa77d50dcf34.jpg,1,345,36,488,198
IMG_20231002_143716_jpg.rf.8462871b420524393132bba25777d798.jpg,1,115,115,319,505
IMG_20231002_143716_jpg.rf.8462871b420524393132bba25777d798.jpg,1,291,175,556,404
IMG_20231012_154931_jpg.rf.c2d232951d53c10e69caf4792bfbcd92.jpg,1,71,159,554,439
IMG_20231008_153048_jpg.rf.64e6e139641e932351c8cc43e10f9ed7.jpg,1,215,148,488,621
IMG_20231005_090952_jpg.rf.2450d6ef7ca51b2d35e075fd97dc7ecb.jpg,1,90,165,348,476
IMG_20231005_090952_jpg.rf.2450d6ef7ca51b2d35e075fd97dc7ecb.jpg,1,283,63,580,439
IMG_20231103_092511_jpg.rf.b5f391bcd57d3f3c2590210bcf62c5e1.jpg,1,246,334,505,556
IMG_20231103_092511_jpg.rf.b5f391bcd57d3f3c2590210bcf62c5e1.jpg,1,250,521,275,570
IMG_20231103_092511_jpg.rf.b5f391bcd57d3f3c2590210bcf62c5e1.jpg,1,4,246,333,543
IMG_20231011_112132_jpg.rf.26c8524b53f896e8bf2c8d48b2d39eb6.jpg,1,121,141,481,479
IMG_20231106_090505_jpg.rf.b83f1e1857adb38d029de7ec70ae0778.jpg,1,154,10,616,358
IMG_20231026_191123_jpg.rf.3e8ac446116424212ecab27adeaecd9a.jpg,1,119,173,640,475
V2-3-00047_png.rf.8b4863fd8c978cd680e4c9b1e0478086.jpg,1,220,84,324,267
V2-3-00047_png.rf.8b4863fd8c978cd680e4c9b1e0478086.jpg,1,309,40,513,268
IMG_20231007_113208_jpg.rf.c8f7479c534288596eea2c0ab415bbdf.jpg,1,191,250,374,406
IMG_20231023_111130_jpg.rf.53d7f4b45be357c841c0a4010078a600.jpg,1,55,123,578,598
IMG_20231023_111025_jpg.rf.6d34a55e5d20e391f306b74deee5f171.jpg,1,159,56,443,528
IMG_20230927_155811_jpg.rf.3cabeefef01194b0717331725832bc27.jpg,1,183,80,464,495
IMG_20230927_154907_jpg.rf.cf5786927166efb0e92f94ae409fc40f.jpg,1,229,189,440,416
IMG_20231007_113055_jpg.rf.1fcf3511e0b5286936d5e39e94727c5d.jpg,1,241,234,406,385
IMG_20231020_153650_jpg.rf.b46967756b928672ed87333ad068f0ae.jpg,1,131,73,555,554
IMG_20231016_150556_jpg.rf.62efd8daeed1d187d5aa158d1fe26696.jpg,1,350,139,571,474
IMG_20231106_090543_jpg.rf.3c577408c307c11b76ca9524b9ca5559.jpg,1,49,41,381,433
V2-3-00033_png.rf.f9f09e92cb46bc3c5045dab21920fe58.jpg,1,231,36,321,176
V2-3-00033_png.rf.f9f09e92cb46bc3c5045dab21920fe58.jpg,1,309,131,564,308
IMG_20231002_143541_jpg.rf.fad3a0666e39f9b6f1e59048b1380f26.jpg,1,190,165,465,559
IMG_20231106_090744_jpg.rf.ad7c7b08372c9a5fa74df5a94f1fc1ff.jpg,1,15,45,509,371
VE-2-00024_png.rf.858fb7832871ec6e6fc61e3d9046ee8f.jpg,1,310,78,376,224
IMG_20231023_110954_jpg.rf.9f436cecab6736bedf328b185184011c.jpg,1,153,95,489,630
IMG_20231001_155908_jpg.rf.51dff37bb2adf10862e65c7f070f0f38.jpg,1,55,74,341,443
IMG_20231001_155908_jpg.rf.51dff37bb2adf10862e65c7f070f0f38.jpg,1,315,154,565,565
IMG_20231002_143349_jpg.rf.c872c81c670d8186594ee8a2ae8ff42d.jpg,1,66,166,568,440
IMG_20230927_155141_jpg.rf.48c818cecc9103eaacfb18fbfa7ddee7.jpg,1,221,93,411,476
IMG_20231003_153101_jpg.rf.f60c6f044ceb4f812e39762039d9fd03.jpg,1,131,119,518,573
IMG_20231026_191510_jpg.rf.6670a776b543396b6e0d4cbca7bfe8c2.jpg,1,233,75,375,461
IMG_20231026_191510_jpg.rf.6670a776b543396b6e0d4cbca7bfe8c2.jpg,1,318,178,619,450
IMG_20231026_191601_jpg.rf.2eb41691fbb2b3f73625ec2ac1553604.jpg,1,19,149,288,531
IMG_20231026_191601_jpg.rf.2eb41691fbb2b3f73625ec2ac1553604.jpg,1,261,219,426,508
VE-2-00025_png.rf.98276870fc8ae9e615026fcbd7738f78.jpg,1,305,66,353,241
IMG_20231030_111630_jpg.rf.f169d130421bfe6984813f049a03f366.jpg,1,43,180,550,514
IMG_20231018_113837_jpg.rf.69efdc182252d1a43809c4c8f6cbb56b.jpg,1,64,145,493,531
IMG_20231018_113824_jpg.rf.a38b52dd8d56c9192f19f442582e3516.jpg,1,126,36,529,571
IMG_20231026_191158_jpg.rf.957d3215650fe9cd8ecd4b6969948830.jpg,1,168,85,436,546
IMG_20231030_111635_jpg.rf.6b60da1a354bb218d95fedba2db2c9e2.jpg,1,95,24,504,604
IMG_20230925_101923_jpg.rf.960bae40d7bb2bf440d6c2f4092f7172.jpg,1,289,218,373,408
VE-3-00043_png.rf.41ba8bb41a787fe7fe49e133ffa197db.jpg,1,255,114,289,248
IMG_20230925_101911_jpg.rf.54c17167ab0e09a039683627fd6fc40e.jpg,1,285,234,393,406
IMG_20231002_143353_jpg.rf.e6ac10d09b416382243dea01ebde6fbc.jpg,1,99,160,561,509
IMG_20231011_112315_jpg.rf.96ac1fb6b53be6914d58cd1be8560993.jpg,1,53,181,600,610
IMG_20231010_110102_jpg.rf.cca40d2e7bc33d04fb068d1199eede86.jpg,1,184,134,539,531
IMG_20231002_143716_jpg.rf.cf83563f22949c42da96d7831c0e87d5.jpg,1,115,115,319,505
IMG_20231002_143716_jpg.rf.cf83563f22949c42da96d7831c0e87d5.jpg,1,291,175,556,404
IMG_20230928_103200_jpg.rf.54318b9bccf80fa3f61711d1b4b94685.jpg,1,158,183,519,530
IMG_20231011_112311_jpg.rf.e172db995cb764e0d0f64416c601913e.jpg,1,45,133,599,474
Mix-4-00035_png.rf.fc26a4c77aeebb996453c98cc9fdfd29.jpg,1,291,160,356,308
Mix-4-00035_png.rf.fc26a4c77aeebb996453c98cc9fdfd29.jpg,1,348,75,490,292
Mix-4-00035_png.rf.fc26a4c77aeebb996453c98cc9fdfd29.jpg,1,218,35,399,252
IMG_20231030_111656_jpg.rf.28f6893d75249b04cfe18bc4d4c0f920.jpg,1,118,63,553,560
IMG_20231011_112246_jpg.rf.e2f737ccbf3f9178499f6d36ac4e491b.jpg,1,165,71,488,569
IMG_20231019_105538_jpg.rf.0a310b0c04e2db0d537867b075b0bf09.jpg,1,144,55,449,529
IMG_20231012_154922_jpg.rf.f439caddef9deb8e0f8b7f9fd7ec1a0e.jpg,1,161,90,486,566
IMG_20231016_150452_jpg.rf.de0c3d87de5cfd38db54a53cf7c5876f.jpg,1,91,146,378,441
IMG_20231016_150449_jpg.rf.d52db0123448d392e6393831e84b24b9.jpg,1,128,101,508,493
IMG_20231008_152536_jpg.rf.cdc8994de1d07e1c113bf1cb6beea057.jpg,1,103,140,525,555
V2-4-00027_png.rf.cc5be36606b61017a0ea1379d1c48924.jpg,1,94,153,318,269
V2-4-00027_png.rf.cc5be36606b61017a0ea1379d1c48924.jpg,1,318,88,396,278
IMG_20231019_105604_jpg.rf.a2128e1ba9243ae9ff4e108536a58d8d.jpg,1,120,105,474,526
IMG_20231010_110316_jpg.rf.7f5406d20ff8be76fda74654a6295c71.jpg,1,163,124,511,579
IMG_20231106_090728_jpg.rf.d08cd76d77dc7f9b64db96ccf522cfb2.jpg,1,85,75,564,543
IMG_20230927_155129_jpg.rf.6def0b8e5b3b308f3e2e12f0cd7e58a6.jpg,1,200,253,453,413
IMG_20231027_135854_jpg.rf.10e1889c0638bbb1dbebfa959eaf7e53.jpg,1,70,203,501,489
IMG_20230926_150127_jpg.rf.abb44ee06c2f0b0664f1527dae0bbffe.jpg,1,240,238,410,439
IMG_20230927_155331_jpg.rf.88e7e891e7e51ab8d8eb570f173adda0.jpg,1,256,196,439,445
IMG_20230926_150233_jpg.rf.2a16287a0d6568e43fcbd56b1144bbd4.jpg,1,190,273,485,485
V1-2-00039_png.rf.4c3ba1d5b73a07870de8dbbad419b838.jpg,1,301,16,381,293
IMG_20231106_090455_jpg.rf.15189347950d17a0038101e4a3b15b63.jpg,1,130,78,504,548
IMG_20231009_163739_jpg.rf.0a53a41b3d7a8b1a18312cac8b63068a.jpg,1,85,165,516,595
IMG_20231002_143603_1_jpg.rf.30eeb5a85fddd5ff3767467fd42fd4cc.jpg,1,168,129,500,559
IMG_20231004_153650_jpg.rf.cd4edeadf8f794fb0e45ac4c9beacb08.jpg,1,189,108,510,571
IMG_20230928_102529_jpg.rf.797941a3c9ee7265927859b011d0d027.jpg,1,176,60,414,483
IMG_20231103_092603_jpg.rf.1dcbce80dd425edf23b34b308e9c4da8.jpg,1,339,14,619,455
IMG_20231103_092603_jpg.rf.1dcbce80dd425edf23b34b308e9c4da8.jpg,1,178,124,416,489
IMG_20230927_155123_jpg.rf.eff430cdc55c8b8d9ea1c2963a82c672.jpg,1,239,88,428,438
IMG_20231012_154806_jpg.rf.353b1956063707506ae51e53c3798f74.jpg,1,124,116,471,578
IMG_20231026_191239_jpg.rf.d0b355085ff593a718b1002d157faa05.jpg,1,150,71,381,513
IMG_20231026_191131_jpg.rf.8bf93fcd43cf4a9343ce84ba3a68e7fa.jpg,1,234,46,401,526
V1-3-00052_png.rf.392a1dd5ddb93efd833581382a2daae9.jpg,1,295,20,366,273
IMG_20231030_111800_jpg.rf.a99fc8ca4fd2c225e410072b1a3d2fee.jpg,1,31,123,538,479
IMG_20231103_092353_jpg.rf.6f4764c42c5ba66db8d169aacc9baf5e.jpg,1,153,110,499,531
IMG_20231106_091647_jpg.rf.ab14343c55fe8d9b89481240d82c1db4.jpg,1,191,181,383,508
IMG_20231106_091647_jpg.rf.ab14343c55fe8d9b89481240d82c1db4.jpg,1,331,150,521,483
IMG_20231003_152530_1_jpg.rf.1ebf1e64c76ecb26aa5a217a5b67ed51.jpg,1,115,156,521,498
IMG_20231026_191233_jpg.rf.73ce733cc755f1aa77af0649e560c572.jpg,1,140,180,395,556
IMG_20231027_135659_jpg.rf.d04a163f86f2969a71db7a4e7a204fe3.jpg,1,95,166,581,439
IMG_20231106_090649_jpg.rf.86754b75422099180c99c9f588bd7e1b.jpg,1,38,116,574,479
IMG_20231009_163446_jpg.rf.4022d07d709dae88cf387b6381edaa68.jpg,1,138,126,533,518
IMG_20231002_143314_jpg.rf.651e5fc9e5614f59ac3e8e75afa84de2.jpg,1,96,165,528,438
V2-1-00017_png.rf.246e9d0e7e43b64cdfc04b6b1cbbef8c.jpg,1,191,61,323,229
V2-1-00017_png.rf.246e9d0e7e43b64cdfc04b6b1cbbef8c.jpg,1,346,174,445,286
IMG_20231012_155150_jpg.rf.dbbc6ad1ff00367f64928e0e5fca7114.jpg,1,140,185,494,540
IMG_20230926_145705_jpg.rf.5327c9ce0e8e66c76b11b5003ba283a8.jpg,1,188,108,411,435
Mix-2-00043_png.rf.4325eb47ace97a78e97ac4035d10ea25.jpg,1,263,125,308,274
Mix-2-00043_png.rf.4325eb47ace97a78e97ac4035d10ea25.jpg,1,63,16,303,297
Mix-2-00043_png.rf.4325eb47ace97a78e97ac4035d10ea25.jpg,1,278,30,399,293
VC-1-00002_png.rf.1e77e576f82bbf79c329a185195627be.jpg,1,253,131,321,203
IMG_20231005_091101_jpg.rf.e9a09578d2188ee4b592d394b422773c.jpg,1,144,126,529,555
IMG_20231003_153225_jpg.rf.3b6e3a236b40cef795d2082c91706dfa.jpg,1,165,68,534,489
IMG_20231007_113055_jpg.rf.d91726f845a5645db6a959ea86791d43.jpg,1,241,234,406,385
IMG_20231023_111158_jpg.rf.a2c6904fb329594a6675fdbe9bd9ca82.jpg,1,29,168,588,495
IMG_20231004_153650_jpg.rf.323cfefac75e8902e0a356fe8eaf90d0.jpg,1,189,108,510,571
IMG_20231012_155100_jpg.rf.73242e4ffa9254fc196f540f50b5a3bf.jpg,1,156,74,473,586
IMG_20231023_111209_jpg.rf.546c12cd8887d3547c511490f09cc0cb.jpg,1,225,175,440,495

IMG_20231023_111039_jpg.rf.e7a09616066a30b1ef6823f56591a9d7.jpg,1,148,43,458,526
IMG_20231002_143522_jpg.rf.bf260dac74c8b62029114ec6dd27d63d.jpg,1,171,173,551,514
VC-2-00038_png.rf.a986b9ca864b1cd8ca7512ba454fb510.jpg,1,310,108,353,318
IMG_20231016_150549_jpg.rf.ef9d2bb15727b5d4585af3a04d8e40fd.jpg,1,326,193,595,508
IMG_20231106_091549_jpg.rf.e4c6eae553a175b9d27635ac74149c27.jpg,1,80,71,335,560
IMG_20231106_091549_jpg.rf.e4c6eae553a175b9d27635ac74149c27.jpg,1,295,138,519,539
IMG_20230926_150233_jpg.rf.38c70a960417aba8a3d9b92de5293b11.jpg,1,190,273,485,485
IMG_20231001_155747_jpg.rf.3067d5e8fd5613449a0fd5c262ed2185.jpg,1,240,148,581,596
IMG_20231001_155747_jpg.rf.3067d5e8fd5613449a0fd5c262ed2185.jpg,1,16,39,366,399
IMG_20231103_092332_jpg.rf.e4071472ccaa235335e9c125ed2518f9.jpg,1,20,120,390,640
IMG_20231010_110029_jpg.rf.20309965dcdea9cf3d8b978148b118ad.jpg,1,85,163,488,504
IMG_20230928_102517_jpg.rf.67d5d08c8bc7a1d5350cb4650f32a0cb.jpg,1,188,113,451,476
IMG_20231002_143541_jpg.rf.df8743004fd0966136227760297442bc.jpg,1,190,165,465,559
IMG_20231027_135837_jpg.rf.2f646d34efb1dda30cf8f7a08470a666.jpg,1,160,166,518,510
IMG_20231030_111806_jpg.rf.b1dd89c00e3cb2c4f3ba3f72ece8d8b3.jpg,1,60,61,559,519
IMG_20231007_113102_jpg.rf.866893a9656030883fb9d842f4b8cb11.jpg,1,238,99,415,399
IMG_20231012_154931_jpg.rf.53e0fc17636ce0b3c7edb96742e2b866.jpg,1,71,159,554,439
V1-1-00002_png.rf.0f5e6c0b9d4105d1f0dda0de240a2030.jpg,1,283,49,385,211
IMG_20231018_113634_jpg.rf.2fb36c58a06bf2a97ab754011567bfec.jpg,1,169,101,479,564
IMG_20231011_112241_jpg.rf.a4aa77eae0860f40795acd9c5aa5b9f7.jpg,1,99,134,476,603
V2-4-00027_png.rf.8a811be72048d1b02d3d3eac8bd1696d.jpg,1,94,153,318,269
V2-4-00027_png.rf.8a811be72048d1b02d3d3eac8bd1696d.jpg,1,318,88,396,278
IMG_20231012_155150_jpg.rf.569337f749b34e4f30e670acca99c71a.jpg,1,140,185,494,540
IMG_20230928_103233_jpg.rf.57240be691fc759928c71c368156d6a1.jpg,1,131,140,484,524
IMG_20231009_163449_jpg.rf.87646b92047a8450b9ed2def0af1f93e.jpg,1,166,59,521,546
IMG_20231002_143522_jpg.rf.b0f043ca55c866e24cf2514c0867910a.jpg,1,171,173,551,514
V1-2-00038_png.rf.c53def25dc89a97f4b487472ea0a51a7.jpg,1,305,15,385,296
V1-1-00010_png.rf.50a1e9a572ee530e9d8ed0161acb394d.jpg,1,321,98,459,263
IMG_20231001_155625_jpg.rf.85a6e54e7e2f726e771300c965d9897d.jpg,1,165,116,500,515
IMG_20231002_144018_1_jpg.rf.73cc03e0063da787d40a67b5e41d84e1.jpg,1,131,70,401,481
IMG_20231106_090604_jpg.rf.74b28e953802d0bb02a61e72032e9114.jpg,1,138,126,506,520

IMG_20231016_150510_jpg.rf.8f4de7ac6cba045271e19e09b04030d5.jpg,1,215,59,450,494
IMG_20230926_145705_jpg.rf.0754f961b6d05837e293206941d4c77c.jpg,1,188,108,411,435
IMG_20231018_113630_jpg.rf.d4640da2ed6b004f2db5744b3fdd6b71.jpg,1,20,100,591,456
V1-2-00011_png.rf.665296dc34efea1a7f22e56b175ca260.jpg,1,343,120,474,315
IMG_20231004_154112_jpg.rf.ee9ffe0231c0d57bbfe2bdd036188172.jpg,1,166,188,521,529
IMG_20231103_092305_jpg.rf.fde3f84b389d35052e660a887a7d3c72.jpg,1,303,15,604,473
IMG_20231106_090459_jpg.rf.a0512b77319965d4e71bbfa6d7690e19.jpg,1,183,100,468,578
IMG_20231020_153623_jpg.rf.44385a9bb6d29658ae8ba8e73364e3a0.jpg,1,160,90,471,611
IMG_20231026_191432_jpg.rf.99b748c4136a92fabdcf7b7326a6bde0.jpg,1,115,86,259,505
IMG_20231026_191432_jpg.rf.99b748c4136a92fabdcf7b7326a6bde0.jpg,1,204,143,575,479
IMG_20231106_090738_jpg.rf.5b6094462d32c12680d271f9a83bfb14.jpg,1,99,31,630,350
IMG_20231016_150628_jpg.rf.efc42ecb51279e0ab6761019c950b2a0.jpg,1,339,99,558,464
IMG_20231012_154922_jpg.rf.8e4218ab8aabbf2947b9d8dbe2762f6a.jpg,1,161,90,486,566
IMG_20231018_113837_jpg.rf.4944fdd19c4bba33d6ad64ad1fa79463.jpg,1,64,145,493,531
V2-2-00042_png.rf.a1c9e6bc238d7a4c8aa290837cd8b2fa.jpg,1,184,25,354,299
V2-2-00042_png.rf.a1c9e6bc238d7a4c8aa290837cd8b2fa.jpg,1,314,89,469,299
IMG_20231004_154024_1_jpg.rf.f7cdc8f08c43a5f30d4574a67ddfb387.jpg,1,38,101,324,480
IMG_20231004_154024_1_jpg.rf.f7cdc8f08c43a5f30d4574a67ddfb387.jpg,1,284,140,531,584
IMG_20230928_103301_jpg.rf.70e3851f61138187d44fd2984e5fa280.jpg,1,148,155,463,453
IMG_20231103_092230_jpg.rf.faee63b2be5f834b270c9fd9cfc9daf1.jpg,1,100,34,614,399
IMG_20231026_191551_jpg.rf.09665d6ab0f30e71dd16795844a1c212.jpg,1,133,263,443,430
IMG_20231026_191551_jpg.rf.09665d6ab0f30e71dd16795844a1c212.jpg,1,420,304,606,630
IMG_20231001_155621_jpg.rf.a381bd97ca9cb986ce2ecb88c70114c6.jpg,1,126,155,458,530
IMG_20231023_111124_jpg.rf.e142d26687f880e8fd9b22b16032e31f.jpg,1,55,163,640,431
IMG_20231106_091641_jpg.rf.8c12072916fd79b5fa7dfb150d48dc0c.jpg,1,175,46,458,548
IMG_20231106_091641_jpg.rf.8c12072916fd79b5fa7dfb150d48dc0c.jpg,1,104,134,278,569
IMG_20231106_090412_jpg.rf.0cf443781d787cbc40aa45a875874dc7.jpg,1,14,104,571,514
IMG_20231106_090534_jpg.rf.391ef5ed42924da874b70c2cc512917c.jpg,1,240,20,436,526
IMG_20231020_153707_jpg.rf.34b1b0775c3553c9f80de062eaed6286.jpg,1,250,74,444,588
IMG_20231002_143625_jpg.rf.f61c74d9b605e58f54f2b78f7cbdae3d.jpg,1,98,333,509,551
IMG_20231002_143625_jpg.rf.f61c74d9b605e58f54f2b78f7cbdae3d.jpg,1,189,68,478,330
IMG_20231009_163552_jpg.rf.412e6e719a5262a6f6bac9a2fd40b7ae.jpg,1,163,171,451,568
IMG_20231011_112152_jpg.rf.9fed65fc51ee002045a597be87b387b7.jpg,1,141,175,523,595
IMG_20230926_150027_jpg.rf.c4f12a5ac2796c6644297f65607c39d4.jpg,1,196,228,448,466
IMG_20231012_154907_jpg.rf.aa46f1f5795213d17d45095dcc1793fa.jpg,1,206,98,490,593
IMG_20231019_105548_jpg.rf.e01c0dac0a0cf2438a6690af5e8058ff.jpg,1,233,16,549,590
IMG_20231106_090505_jpg.rf.1da5d711e89661246dd0e27a05ba8a08.jpg,1,154,10,616,358
IMG_20231016_150407_jpg.rf.2d52c40e7ce1fd5c767af3878b8a452c.jpg,1,116,191,415,543
IMG_20231012_155050_jpg.rf.11abcadc2c3d5d37ae3883831699bc7b.jpg,1,210,38,530,575
IMG_20230928_102517_jpg.rf.b583010d17f905514fbf6d9102e89a25.jpg,1,188,113,451,476
IMG_20231027_135810_jpg.rf.3a4e49a541684fcfdc337914a966e766.jpg,1,165,48,565,526
IMG_20231027_135538_jpg.rf.34d338c1fee6a7725853eed1db01297f.jpg,1,36,130,563,465
IMG_20231103_092407_jpg.rf.8f14e0786b1b63b76155809589f21fd5.jpg,1,201,329,608,608
IMG_20231106_090747_jpg.rf.f3fac0a5425946f30a2340568763fbca.jpg,1,18,286,493,608
IMG_20231027_135753_jpg.rf.e1a6ce48ea2c6cf6ab25cc7d4c2f0a00.jpg,1,168,78,476,541
IMG_20231002_143532_jpg.rf.a38b110150bd083e92974f402003e402.jpg,1,184,153,509,503
IMG_20231002_143349_jpg.rf.4490fc15be9b9cd93904e64df4ab1067.jpg,1,66,166,568,440
IMG_20231001_155908_jpg.rf.0979f4bc7b33a88554c2ca1665617de6.jpg,1,55,74,341,443
IMG_20231001_155908_jpg.rf.0979f4bc7b33a88554c2ca1665617de6.jpg,1,315,154,565,565
IMG_20231002_143325_jpg.rf.fb2f8c457af6ae65c8c0cb0fcb4e0bfa.jpg,1,186,98,484,561
V1-4-00056_png.rf.0df9dc6ac0c805fa30f14474b083618c.jpg,1,270,50,345,287
IMG_20231012_154754_jpg.rf.61c10854f6d5ad8dfba45e50f080baf5.jpg,1,136,123,530,526
IMG_20231009_163733_jpg.rf.542db11052791f617b57d39db4151b0b.jpg,1,103,149,596,500
IMG_20231009_163532_jpg.rf.f44db9360e749fcbf38d9c113d183ca7.jpg,1,39,146,554,521
IMG_20230926_145940_jpg.rf.e50e3b1cf3972db2f942ee9f2b215a5d.jpg,1,164,233,463,444
IMG_20231005_091019_jpg.rf.077b7c252221f057fe0149a46cb74627.jpg,1,79,165,334,534
IMG_20231005_091019_jpg.rf.077b7c252221f057fe0149a46cb74627.jpg,1,275,216,533,640
IMG_20231106_090624_jpg.rf.9a299e2b9c5d91d1d2fea1e33ad007f9.jpg,1,59,313,478,615
IMG_20230927_155331_jpg.rf.50dee37b96a6c5e2932f90867bb30528.jpg,1,256,196,439,445
IMG_20231012_154902_jpg.rf.5f31469be59cfe3a7c36ec26cbd62423.jpg,1,148,135,555,538
IMG_20231004_153713_jpg.rf.7987f7ff4fa4151e4fbee27b390f6794.jpg,1,101,140,476,524
IMG_20230927_155724_jpg.rf.e225c2fcba50a51a1aa19c52934930f0.jpg,1,98,211,406,344
IMG_20230927_155724_jpg.rf.e225c2fcba50a51a1aa19c52934930f0.jpg,1,235,321,486,579
V1-4-00010_png.rf.5908316e9d1c3cfac23bb5840a093890.jpg,1,295,120,421,269
IMG_20231103_092320_jpg.rf.d942ed57dfea9e0297404209011c850e.jpg,1,214,39,443,523
IMG_20231106_090702_jpg.rf.9cc727e3f7a3a5e003f42a8369ba67a2.jpg,1,275,23,608,491
IMG_20231001_155800_jpg.rf.8abf9ce942b5fdc5d5943ef5fe5b51ff.jpg,1,91,234,400,498
IMG_20231001_155800_jpg.rf.8abf9ce942b5fdc5d5943ef5fe5b51ff.jpg,1,265,45,556,433
IMG_20231025_111633_jpg.rf.d27b6d6d94bd4fd2c94f59b42d5c1f27.jpg,1,169,93,458,526
IMG_20230925_101923_jpg.rf.833af460aca9519f783cb00838c05925.jpg,1,289,218,373,408
IMG_20231012_155214_jpg.rf.aeb748ed60973f5e93c11329c7c0ba6a.jpg,1,108,190,510,545
IMG_20230928_102529_jpg.rf.0239d65a90fc2b13a6b5595bb0d5d908.jpg,1,176,60,414,483
IMG_20231026_191229_jpg.rf.b3de440062cc03675882053ddf416d1f.jpg,1,155,220,608,483
IMG_20231009_163548_1_jpg.rf.7429521773604d98f547f8077e3a2d19.jpg,1,120,176,469,566
IMG_20230928_102556_jpg.rf.c09d41416285cd2fb06e0efdaa60b69f.jpg,1,179,159,374,511
IMG_20231003_154056_jpg.rf.5ee465cb5117e2ff0c3e1b4264f06165.jpg,1,184,106,364,425
IMG_20231003_154056_jpg.rf.5ee465cb5117e2ff0c3e1b4264f06165.jpg,1,339,161,534,496
IMG_20231027_135611_jpg.rf.85cac8bae1a37469c96106c174897d6b.jpg,1,104,128,528,525
IMG_20231026_191458_jpg.rf.916ceff970fd98b29b918e906e8a70e5.jpg,1,39,203,169,541
IMG_20231026_191458_jpg.rf.916ceff970fd98b29b918e906e8a70e5.jpg,1,156,415,495,631
IMG_20231005_091121_jpg.rf.125c1af9c8308c7e90aaa7b6228c0635.jpg,1,131,116,456,578
IMG_20230928_102550_jpg.rf.048d3684c45afa1756a8ff4ce48a1e3e.jpg,1,158,218,408,591
IMG_20231016_150432_jpg.rf.63ef61901e0b80501100c50d370c997e.jpg,1,41,55,305,469
IMG_20231008_153056_jpg.rf.145595f7c985b160528db0a7ad570b2b.jpg,1,83,126,566,521
VC-4-00002_png.rf.60b30c2131bfd690f35d299fbc234a04.jpg,1,180,124,271,206
IMG_20231003_152530_1_jpg.rf.49d32716767a4d7f8983b3a6e4c45bf3.jpg,1,115,156,521,498
IMG_20231106_091631_jpg.rf.786e6a2f561051a7a31fb24a0665f90f.jpg,1,145,179,334,585
IMG_20231106_091631_jpg.rf.786e6a2f561051a7a31fb24a0665f90f.jpg,1,265,126,524,558
IMG_20231025_111627_jpg.rf.f24a069f7d455f8e99332e7dd3bd2199.jpg,1,169,48,518,601
IMG_20231103_092629_jpg.rf.a1f42eb86895991be0b509fd114a7e3b.jpg,1,206,89,570,449
IMG_20231103_092629_jpg.rf.a1f42eb86895991be0b509fd114a7e3b.jpg,1,66,145,270,476
IMG_20231106_090728_jpg.rf.15473f84cbd8ae3f13635e960d387c9a.jpg,1,85,75,564,543
IMG_20230926_150127_jpg.rf.df6e500fb96788463a43ce9a98d797b8.jpg,1,240,238,410,439
Mix-1-00001_png.rf.3fa0ac766bf690e0fa97c26ea6f02340.jpg,1,171,20,363,216
Mix-1-00001_png.rf.3fa0ac766bf690e0fa97c26ea6f02340.jpg,1,276,155,416,343
IMG_20231106_091544_jpg.rf.b1af9ddfdeb9f8f1068647a4c4e277da.jpg,1,306,248,559,576
IMG_20231106_091544_jpg.rf.b1af9ddfdeb9f8f1068647a4c4e277da.jpg,1,36,164,359,510
IMG_20231106_091602_jpg.rf.56fb5adae2f08ef45ecb641f087609f0.jpg,1,86,79,334,534
IMG_20231106_091602_jpg.rf.56fb5adae2f08ef45ecb641f087609f0.jpg,1,283,110,501,511
IMG_20231010_110047_jpg.rf.20d9051d56dd566bf092ab8cb03db196.jpg,1,130,61,485,558
IMG_20231027_135842_jpg.rf.0259fea4f1043c6cf8f797eb747a4162.jpg,1,171,84,511,521
Mix-3-00002_png.rf.e3bf5ca0aea4cdf594be794acf7ae1ec.jpg,1,145,21,291,182
Mix-3-00002_png.rf.e3bf5ca0aea4cdf594be794acf7ae1ec.jpg,1,210,110,401,324
IMG_20231012_154754_jpg.rf.07fd4af6e8b15d62e75e4a8e03c19340.jpg,1,136,123,530,526
IMG_20231025_111528_jpg.rf.d626a41029bc41b7af15eeb4b90661ed.jpg,1,19,141,530,466
IMG_20231001_155602_jpg.rf.e04f25b9bbb1956b4523a0c182c1cb07.jpg,1,136,118,531,585
IMG_20231106_090515_jpg.rf.2821fed117691d9abeb67b4b5b30c8b7.jpg,1,219,353,628,636
V2-4-00040_png.rf.3c5f45e2faa400e85a348dbc802e5638.jpg,1,114,74,310,288
V2-4-00040_png.rf.3c5f45e2faa400e85a348dbc802e5638.jpg,1,310,104,386,289
IMG_20231103_092505_jpg.rf.f2a46e3b518b96d02965b1f9fade729f.jpg,1,8,21,329,454
IMG_20231103_092505_jpg.rf.f2a46e3b518b96d02965b1f9fade729f.jpg,1,248,125,489,424
IMG_20230927_154907_jpg.rf.8a317964690698d0859abaa0b3738d6a.jpg,1,229,189,440,416
IMG_20231026_191206_jpg.rf.9b93b9c5d2d29d27c73a1aef4010ccb3.jpg,1,198,31,418,509
IMG_20231023_111056_jpg.rf.4da1c67d323a423183ae558ab77ccaa1.jpg,1,128,108,416,581
IMG_20231008_153034_jpg.rf.d050fe77c3abad9fed22c3d13c487114.jpg,1,126,94,526,594
IMG_20230928_102556_jpg.rf.563caef5fd384f999a62616e113d60d0.jpg,1,179,159,374,511
IMG_20231003_154108_jpg.rf.68e72afddc1639fe0742cc9c0075a80b.jpg,1,91,105,634,509
IMG_20231016_150627_jpg.rf.46fc3839a3ff72e4c59a0559ec76d952.jpg,1,225,145,439,539
IMG_20231023_111104_jpg.rf.c3ffa2ced77a23476794f3b9eff31103.jpg,1,300,461,305,465
IMG_20231023_111104_jpg.rf.c3ffa2ced77a23476794f3b9eff31103.jpg,1,191,53,440,578
IMG_20231026_191556_jpg.rf.22d919896dc9ffba79b1d6da5e63f828.jpg,1,70,165,341,470
IMG_20231026_191556_jpg.rf.22d919896dc9ffba79b1d6da5e63f828.jpg,1,336,235,488,508
IMG_20231019_105603_jpg.rf.b9a4b3c85673306a5d4a396df49bd90a.jpg,1,124,106,514,516
IMG_20231010_110223_jpg.rf.c1f913716304d4b9c9ff4241afa3d04e.jpg,1,104,48,498,524
IMG_20231023_111206_jpg.rf.6ffc67a10bf6e1ab747697df27789f42.jpg,1,205,105,426,606
IMG_20231023_111127_jpg.rf.85c5f45a751070e4299db23eba17e4b6.jpg,1,38,190,598,530
IMG_20231010_110233_jpg.rf.3921cd38085c011e28e28e28c1cf0a76.jpg,1,171,124,511,506
IMG_20231106_090600_jpg.rf.156b6e5211c54911d9e6534af8efc49d.jpg,1,103,54,474,538
IMG_20231103_092223_jpg.rf.38a5f8dac4a339988790d0c2e187cd1e.jpg,1,25,71,535,444
IMG_20231002_143353_jpg.rf.6d12cea9aceaafaa96f378a96104c852.jpg,1,99,160,561,509
IMG_20231019_105604_jpg.rf.55546ed46fc6c9fa1c8f7316fe9ef0de.jpg,1,120,105,474,526
IMG_20231016_150627_jpg.rf.ba9ad77813657a9e7aa5ca1d27cb2bd1.jpg,1,225,145,439,539
IMG_20231012_155055_jpg.rf.1ccd9c7e329c22c3f52169708720c09b.jpg,1,101,108,563,545
IMG_20231001_155903_jpg.rf.923ae36f07829dae8f935e8f321b7a19.jpg,1,66,60,295,513
IMG_20231001_155903_jpg.rf.923ae36f07829dae8f935e8f321b7a19.jpg,1,274,166,604,471
IMG_20231011_112124_jpg.rf.47793a9b22a1b26523d0f15b26d126dc.jpg,1,76,158,519,621
IMG_20231030_111658_jpg.rf.d146f54708121103da513daf80718a1c.jpg,1,150,151,569,480
IMG_20231004_153836_jpg.rf.8651ae15f63da8d102628f9924697386.jpg,1,131,83,498,549
IMG_20231106_090751_jpg.rf.bddea36e063e350e2a469e7f2417acdd.jpg,1,231,360,629,631
IMG_20231012_154844_jpg.rf.c4d9b679b289b37caef38dc27bc9d6d0.jpg,1,169,126,466,518
Mix-4-00034_png.rf.624fac82781d8da12c6712421de94fcb.jpg,1,304,166,380,301
Mix-4-00034_png.rf.624fac82781d8da12c6712421de94fcb.jpg,1,361,63,504,248
Mix-4-00034_png.rf.624fac82781d8da12c6712421de94fcb.jpg,1,225,28,408,244
IMG_20231011_112109_jpg.rf.c02bf4c63e2a53bf65b2153f7fbf7221.jpg,1,138,58,514,500
IMG_20231001_155750_jpg.rf.13b75cc6fd28be5765ffd7ce0e37f947.jpg,1,303,146,574,488
IMG_20231001_155750_jpg.rf.13b75cc6fd28be5765ffd7ce0e37f947.jpg,1,128,130,386,464
IMG_20231030_111803_jpg.rf.318bf65eb5af8be2858c69a43a929b4d.jpg,1,84,150,598,514
IMG_20231027_140621_jpg.rf.a0e71ff7597286eef6984f2b79b73113.jpg,1,220,71,565,515
IMG_20230927_155833_jpg.rf.53fa6a4d530a15fc4144a78f9cb9cad1.jpg,1,250,148,470,433
IMG_20231001_155907_jpg.rf.195c5d7c5f0f918c14afdd4fb47ab184.jpg,1,61,58,350,430
IMG_20231001_155907_jpg.rf.195c5d7c5f0f918c14afdd4fb47ab184.jpg,1,320,140,574,550
VC-1-00001_png.rf.321ecf5524b99a5e2d65f5cf1e6f6ae4.jpg,1,256,133,325,205
IMG_20230926_145716_jpg.rf.59958ca17af187b440cc866c9f21da94.jpg,1,260,88,435,536
IMG_20231027_135620_jpg.rf.356e0deb8f249d41214ba4e89dc00044.jpg,1,154,66,509,634
IMG_20231016_150534_jpg.rf.a3b0c17d0c0a374897657041a82f7bd5.jpg,1,56,135,491,540
IMG_20231002_143753_jpg.rf.39999e0eea71db428026af99596a9516.jpg,1,55,301,486,573
IMG_20231002_143753_jpg.rf.39999e0eea71db428026af99596a9516.jpg,1,203,164,453,304
IMG_20231103_092357_jpg.rf.94078b71fb9501a07599f37163a78993.jpg,1,166,0,629,378
IMG_20231002_143317_1_jpg.rf.1d2d24306b21f5bc23379f74229ccf0e.jpg,1,121,146,500,486
IMG_20231106_090628_jpg.rf.343c5f6e4e12c6dc81e8d95983d9f8c3.jpg,1,299,331,633,608
IMG_20230926_145827_jpg.rf.ce3beca37153fdd64448fbc3b292befb.jpg,1,158,176,435,474
IMG_20231025_111639_jpg.rf.ad4f4a4ad2adf6b97b24b2762b075ba0.jpg,1,75,163,553,469
IMG_20230927_155733_jpg.rf.207e7f5386885409bace3a4bcc1adbf3.jpg,1,95,131,400,286
IMG_20230927_155733_jpg.rf.207e7f5386885409bace3a4bcc1adbf3.jpg,1,180,195,490,436
IMG_20231106_090821_jpg.rf.fdee8029985917435e85fadba4fb7ec0.jpg,1,45,100,391,633
IMG_20231016_150332_jpg.rf.d6e65ba32d29d8466e1565f07c3bed61.jpg,1,71,33,475,434
IMG_20231020_153643_jpg.rf.3e09d6771ad647b351a0a5b4fdb14f21.jpg,1,54,175,579,538
IMG_20231008_152600_jpg.rf.c8551b79bd44769fb8cf5c111eeff2b2.jpg,1,95,125,521,540
IMG_20231016_150612_jpg.rf.6906d1493db5ab0863d118de5a139317.jpg,1,283,233,568,513
IMG_20231016_150534_jpg.rf.12e8825f49ddf741fa265db0ddc70513.jpg,1,56,135,491,540
V1-1-00010_png.rf.1ee6b1939ebe5169d2fbf2f52c287c4f.jpg,1,321,98,459,263
IMG_20231016_150405_jpg.rf.374aa9758a490765d52910cda524acad.jpg,1,38,246,363,584
IMG_20231030_111803_jpg.rf.bb238f0e8c1e173498081497c0804163.jpg,1,84,150,598,514
IMG_20231012_154803_jpg.rf.59e6802f33af5a0f4109b91c3d22c5f8.jpg,1,88,119,504,548
IMG_20231012_155232_jpg.rf.8402d04ce29d61ac676b37e1c4f4c42f.jpg,1,154,146,521,493
IMG_20231010_110229_jpg.rf.b3b32d97403b3b2aa794cccbf220602c.jpg,1,136,86,523,586
IMG_20231009_163748_jpg.rf.6c331d871f06b809112dfb6d674ae643.jpg,1,105,115,499,616
IMG_20231012_154816_jpg.rf.e896f406b49afb329ff8aeb940212a3a.jpg,1,213,108,506,480
IMG_20231106_090738_jpg.rf.7b875d9c80fa21417c8b55b3d0034db9.jpg,1,99,31,630,350
IMG_20230927_155134_jpg.rf.3f1e7775e35f0d49240d13ea4fdac32b.jpg,1,195,113,404,458
IMG_20231025_111548_jpg.rf.c85faf4d472beba02ccb0ee9ee9f6edd.jpg,1,179,94,529,545
VC-1-00001_png.rf.6738ee875cbbe64c1fddecde3c23cfa0.jpg,1,256,133,325,205
IMG_20231106_090713_jpg.rf.fe16165560df2263fd77fbcc62544d5c.jpg,1,328,198,626,628
IMG_20231008_152748_1_jpg.rf.2faedd0c5d838cce04f1aa4136b0bf96.jpg,1,210,165,460,563
IMG_20231030_111742_jpg.rf.50cd6abd74c27987b3c89ece3a886a5c.jpg,1,81,63,609,499
IMG_20230926_150339_jpg.rf.c531fca7bd6438ca870856dfbe150b09.jpg,1,205,210,368,384
IMG_20231018_113824_jpg.rf.9bcc46a44e3550d6fb78c2d9aa81ff21.jpg,1,126,36,529,571

VE-1-00016_png.rf.21ec2eb04b822b97c7ff761eb0429bd9.jpg,1,333,74,408,229
IMG_20231018_113827_jpg.rf.28a0e3ab61bb968c8dbc1ed9fb9e8c17.jpg,1,132,80,507,507
IMG_20231002_144018_1_jpg.rf.82d3a69ee25662a25e0cbea62d8c71e0.jpg,1,131,70,401,481
IMG_20231018_113609_jpg.rf.1776ffaefa413c2efaa36dbac7f5164d.jpg,1,163,154,513,591
IMG_20231007_113332_jpg.rf.5f7a6c14948a8d80418c887d436bc648.jpg,1,253,81,401,493
IMG_20231007_113332_jpg.rf.5f7a6c14948a8d80418c887d436bc648.jpg,1,394,163,503,476
IMG_20231106_091608_jpg.rf.bb27228c109db5ff16517b6019a954f7.jpg,1,93,61,358,601
IMG_20231106_091608_jpg.rf.bb27228c109db5ff16517b6019a954f7.jpg,1,305,149,546,584
IMG_20231016_150549_jpg.rf.48b085a58ed006b04d72de419f732372.jpg,1,326,193,595,508
IMG_20231002_144010_jpg.rf.b361fc7d520d4ffffb25315405f3f7e5.jpg,1,314,203,511,488
IMG_20231002_144010_jpg.rf.b361fc7d520d4ffffb25315405f3f7e5.jpg,1,161,241,410,563
IMG_20231004_153836_jpg.rf.af2ea467b673450509d9a4c0e0e559ef.jpg,1,131,83,498,549
IMG_20230926_150339_jpg.rf.b9d545a65928328e2ce353e8f971f595.jpg,1,205,210,368,384
V2-4-00026_png.rf.4f66766dfe54edf361a00214a74ebe8c.jpg,1,79,163,319,269
V2-4-00026_png.rf.4f66766dfe54edf361a00214a74ebe8c.jpg,1,321,91,406,284
IMG_20231103_092228_jpg.rf.7c27a847d56013969fc98a057f0a6edf.jpg,1,98,239,640,589
IMG_20231005_091118_jpg.rf.be2dbdaea4665e69c167d613a10c35e4.jpg,1,173,143,533,515
IMG_20231003_152428_jpg.rf.d8325260bea98395d6b018a39c9bfaf4.jpg,1,44,205,320,541
IMG_20231003_152428_jpg.rf.d8325260bea98395d6b018a39c9bfaf4.jpg,1,303,200,559,548
IMG_20231001_155639_jpg.rf.4a8bc65d1d754a74340d3efeb498e2ec.jpg,1,45,74,306,430
IMG_20231001_155639_jpg.rf.4a8bc65d1d754a74340d3efeb498e2ec.jpg,1,241,75,514,590
IMG_20230927_155204_jpg.rf.c0bda2ed7a0f5c77c3496bc242633055.jpg,1,228,85,409,386
IMG_20231106_090747_jpg.rf.687246cac50e194648e6fa7723f2471b.jpg,1,18,286,493,608
IMG_20231020_153635_jpg.rf.d5fc28d544b4530117bc55b1976ac5c0.jpg,1,206,19,494,525
IMG_20231009_163806_jpg.rf.319c84e43681af1b73056dd37cec0e3b.jpg,1,215,153,484,628
IMG_20231012_155117_jpg.rf.d94ced9f00a6b7e17afc949d7e3dfd5a.jpg,1,95,96,514,546
IMG_20231106_091452_jpg.rf.57f64c82cead547636a8a2f4b7fbbb82.jpg,1,55,60,339,354
IMG_20231106_091452_jpg.rf.57f64c82cead547636a8a2f4b7fbbb82.jpg,1,113,194,621,588
IMG_20231007_113403_jpg.rf.ad8a93077381138d745ba74eb78eada8.jpg,1,229,121,308,475
IMG_20231007_113403_jpg.rf.ad8a93077381138d745ba74eb78eada8.jpg,1,269,143,426,476
IMG_20231012_155110_jpg.rf.5508a189ce2ba779be41a4d6ff7a81f5.jpg,1,35,156,555,480
IMG_20231002_143643_1_jpg.rf.dd4c2a73ab1357186b0414cf8b27cb95.jpg,1,115,89,546,341
IMG_20231002_143643_1_jpg.rf.dd4c2a73ab1357186b0414cf8b27cb95.jpg,1,230,279,514,610
IMG_20231106_090821_jpg.rf.33134dee0ebfbe8e2f6a635b19be6789.jpg,1,45,100,391,633
IMG_20231007_113143_jpg.rf.6536ae10cce113ee51a1e60dd00e940e.jpg,1,258,224,411,393
IMG_20231003_153209_jpg.rf.9b78c9a8dd249695d40c9d1eecaeff3d.jpg,1,58,49,504,620
IMG_20230927_154930_jpg.rf.66b999f5bfa6ecb89011c389087fa1ba.jpg,1,218,206,406,406
VC-4-00015_png.rf.b21cd902b27b8ccc6800f5fdb0563045.jpg,1,248,110,295,254
IMG_20231001_155630_1_jpg.rf.1c26607fc830d1e036412c21e8934edc.jpg,1,80,288,439,598
IMG_20231001_155630_1_jpg.rf.1c26607fc830d1e036412c21e8934edc.jpg,1,134,93,578,364
IMG_20231009_163552_jpg.rf.34de0d3fa0271b29bd39f98ce0754de7.jpg,1,163,171,451,568
VC-4-00002_png.rf.44a6fee8dc1b9ec378757f8da4667b10.jpg,1,180,124,271,206
IMG_20231001_155921_1_jpg.rf.90090bcca967fad6bb3b395a2362d5bb.jpg,1,134,19,616,299
IMG_20231001_155921_1_jpg.rf.90090bcca967fad6bb3b395a2362d5bb.jpg,1,124,265,486,603
IMG_20231012_155203_jpg.rf.706467a009a3f38eb21518cc14dc1bde.jpg,1,98,193,528,551
IMG_20231007_113143_jpg.rf.0811a745939709cbbe5b8cfb1e45002a.jpg,1,258,224,411,393

IMG_20231106_090433_jpg.rf.b55798504c1b8496f46f5c5df1f3e51b.jpg,1,30,196,350,631
IMG_20231012_155055_jpg.rf.5ff4f70c72437af7ccce0b1e83a4b321.jpg,1,101,108,563,545
IMG_20231027_135533_jpg.rf.0d0ab5946b10604bfc230137e5689730.jpg,1,26,126,573,489
IMG_20231008_152814_jpg.rf.d1f4b39df211bed809a3e15864d50367.jpg,1,68,210,490,526
IMG_20231012_154806_jpg.rf.0f28e08ec27f4ced1fdce813d47805eb.jpg,1,124,116,471,578
IMG_20230927_155819_jpg.rf.658f507d7abd4c0f024766f1fdf61c56.jpg,1,176,101,421,438
IMG_20231025_111646_jpg.rf.0aed215537e84fff6b37df3681192de6.jpg,1,74,105,531,524
IMG_20231106_091647_jpg.rf.9a2e6a80e30e8eb70d27941844ffa6f3.jpg,1,191,181,383,508
IMG_20231106_091647_jpg.rf.9a2e6a80e30e8eb70d27941844ffa6f3.jpg,1,331,150,521,483
IMG_20231011_112235_jpg.rf.b91d9ab9e6425b690470a59961d10220.jpg,1,205,41,536,565
IMG_20231011_112235_jpg.rf.b91d9ab9e6425b690470a59961d10220.jpg,1,204,41,538,565
IMG_20230928_103206_jpg.rf.4791fe4d63742902c892fa354bca0706.jpg,1,138,181,511,501
IMG_20231001_155426_jpg.rf.2a28618264e60d1174dca1f33d36ed3f.jpg,1,128,168,498,548
IMG_20231027_135606_jpg.rf.19405bc05dd40692c5ec0871b2e65d95.jpg,1,56,193,583,548
IMG_20231003_153016_jpg.rf.c100c9f04c7ab8259c50b9a57a914490.jpg,1,81,43,495,526
IMG_20231001_155836_jpg.rf.8a4df6af9e484be7730b4ae19d34d8d3.jpg,1,79,103,309,469
IMG_20231001_155836_jpg.rf.8a4df6af9e484be7730b4ae19d34d8d3.jpg,1,291,125,599,415
IMG_20231026_191103_jpg.rf.b09654f75a5fd71c967129b26830ba9d.jpg,1,170,35,468,520
IMG_20231012_154803_jpg.rf.e5cfab8de8df4f973180c9762b085dd3.jpg,1,88,119,504,548

IMG_20231016_150404_jpg.rf.6d62e07b0aa0996c4cedde309ed78e62.jpg,1,96,234,461,616
IMG_20231016_150628_jpg.rf.e0a1b7dd9e8c5d76a1bc47db9ea0b0f0.jpg,1,339,99,558,464
IMG_20231026_191528_jpg.rf.3dfe72f5d20533ba7841970313535276.jpg,1,118,108,398,540
IMG_20231026_191528_jpg.rf.3dfe72f5d20533ba7841970313535276.jpg,1,363,208,584,516
IMG_20231106_090607_jpg.rf.4691800eeae9632f1fcb870b0b787fd5.jpg,1,203,68,484,524
IMG_20231103_092603_jpg.rf.ca90643b94ba9b2f6b79051a68e51fdd.jpg,1,339,14,619,455
IMG_20231103_092603_jpg.rf.ca90643b94ba9b2f6b79051a68e51fdd.jpg,1,178,124,416,489
IMG_20231002_143513_jpg.rf.3bee042fcb64547f9d7a9ea62bbadc2b.jpg,1,175,83,530,544
IMG_20231003_152419_jpg.rf.cbc029ed697b7b3e45846a49e26b6774.jpg,1,313,213,566,558
IMG_20231003_152419_jpg.rf.cbc029ed697b7b3e45846a49e26b6774.jpg,1,31,104,314,539
IMG_20231106_090620_jpg.rf.60e27786df907c3600e6041ad5e1f534.jpg,1,0,48,435,400
IMG_20231026_191556_jpg.rf.1a3c2e2363581815c674dfd942d70801.jpg,1,70,165,341,470
IMG_20231026_191556_jpg.rf.1a3c2e2363581815c674dfd942d70801.jpg,1,336,235,488,508
IMG_20231019_105600_jpg.rf.11b148b0917319c0d0c7e8a9dfb8c33c.jpg,1,114,91,466,596
IMG_20231106_090451_jpg.rf.6ae4c1f2c26272d8c352e76d74648126.jpg,1,99,38,489,568
IMG_20231026_191239_jpg.rf.61c2a0eb3032efa998e13ff8721d2803.jpg,1,150,71,381,513
IMG_20231012_155217_jpg.rf.602a6c44091754697f8eb7e6fa138698.jpg,1,105,209,464,596
IMG_20230927_155134_jpg.rf.23d75a82c0664e0f2bab7d70a7d2b8f0.jpg,1,195,113,404,458
IMG_20231005_091121_jpg.rf.5bc43810941f246049084763c66f98e0.jpg,1,131,116,456,578
IMG_20231019_105603_jpg.rf.60a59a16e66be864f69ffb78b222c521.jpg,1,124,106,514,516
IMG_20231004_154101_jpg.rf.b6188d8f890be7820580d8b7d25f7d8a.jpg,1,114,71,485,543
IMG_20231008_152524_1_jpg.rf.130eea6effff61ae63de086c9a77a263.jpg,1,104,103,583,566
IMG_20231008_152447_jpg.rf.0e9c08e249aa11c64fda4944ac21df99.jpg,1,133,113,530,543
IMG_20231026_191158_jpg.rf.b86eb90c2a4bba3f503fe0a899044a88.jpg,1,168,85,436,546
IMG_20231027_135533_jpg.rf.297c14aa594095167a349bb8684842fd.jpg,1,26,126,573,489
IMG_20231020_153659_jpg.rf.572a5715a297d832c4d5259fe0e361e3.jpg,1,193,83,470,580
IMG_20231012_154800_jpg.rf.59aca9292c5534ca166a04aca3e69bc2.jpg,1,149,143,493,516
IMG_20231018_113637_jpg.rf.9a47cc9db76e4d8176e19a9c93ae3732.jpg,1,188,76,486,539
IMG_20231023_111206_jpg.rf.afc3408334cfbd91e4d35b112e735f92.jpg,1,205,105,426,606
IMG_20231019_105612_jpg.rf.8c4f64ed3182c11dd76e627c10b66e1f.jpg,1,45,124,524,544
IMG_20231011_112117_jpg.rf.23e6249d20fb175a539b8612fa3e117a.jpg,1,170,223,476,631
IMG_20231018_113839_jpg.rf.4cef19b6f09b34898ba4262bb84ae5a0.jpg,1,58,135,489,586
IMG_20231012_154803_jpg.rf.7e9babb9e924e838a7e06bd45b902687.jpg,1,88,119,504,548
IMG_20231012_155123_jpg.rf.6c7321b4b4602c5c435e6274ade3c9aa.jpg,1,131,84,460,616
IMG_20231012_155117_jpg.rf.f97b1d29c25713a0217d9194f514f304.jpg,1,95,96,514,546
IMG_20231103_092305_jpg.rf.099d62704bc7e7cd2b94388195a88285.jpg,1,303,15,604,473
IMG_20231027_135842_jpg.rf.62add019c42ac804b081efd1bd03fa25.jpg,1,171,84,511,521
IMG_20231005_091109_jpg.rf.6dc6f174f8312aa3d3b1f4cecf8dd707.jpg,1,205,199,459,631
IMG_20231103_092401_jpg.rf.80727d1bbd3a0dd31cdd7d1d54fb84e1.jpg,1,0,50,525,401
IMG_20231004_153840_jpg.rf.6c7269b93d6c83d0f951dd4e5f9bd7d8.jpg,1,149,166,465,501
IMG_20231106_090549_jpg.rf.7f0c47b489d8833f0ab0affbd5ec15d3.jpg,1,294,250,596,618
IMG_20231027_135716_jpg.rf.588c7a6e12c84587bb1160ce63d94ea3.jpg,1,176,133,470,470
IMG_20230928_102550_jpg.rf.7adeb42cab7897fd348508a1a1bd93fb.jpg,1,158,218,408,591
IMG_20231025_111711_jpg.rf.047e43675666fe2d17ca43e74d9dc553.jpg,1,19,189,569,534
IMG_20231027_135854_jpg.rf.76882c916e73de51d0854e61d59f2347.jpg,1,70,203,501,489
IMG_20230927_155000_jpg.rf.00ce258469ac91d39eda34255b780a53.jpg,1,209,253,463,430
IMG_20231030_111818_jpg.rf.756d68e0b8f757c50a4b98ba55fe794d.jpg,1,128,48,541,553
VC-4-00033_png.rf.5c17a5f440fde9bba0dd9a3f2db1ed4a.jpg,1,266,111,301,279
IMG_20231010_110023_jpg.rf.46ea98bd6340ff29d94010be7e6c7b43.jpg,1,106,120,445,595
IMG_20230926_145756_jpg.rf.1f823d80d79e3d43f5f55b90df5d60c7.jpg,1,154,220,475,456
IMG_20231025_111715_jpg.rf.c2f12efd09e5f3a6bb7c05cefe23b6cb.jpg,1,11,144,529,500
IMG_20231010_110029_jpg.rf.83004a2d8a90a0d2aba4a0557f152f5c.jpg,1,85,163,488,504
IMG_20231027_135842_jpg.rf.8e9cda51c8751deee3131982a71e682e.jpg,1,171,84,511,521
IMG_20230928_102626_jpg.rf.01b459e5ba155de13ceacd4cf0ea164e.jpg,1,186,141,448,453
VC-3-00001_png.rf.44d94453e0763f5834a49218ff3959c2.jpg,1,174,150,288,220
IMG_20231012_155110_jpg.rf.d932d87bcba37eb3237c029183bd3fe7.jpg,1,35,156,555,480
Mix-4-00002_png.rf.105a6586006482ccf9a60e30b5dbfb8b.jpg,1,124,95,379,322
Mix-4-00002_png.rf.105a6586006482ccf9a60e30b5dbfb8b.jpg,1,303,54,491,206
IMG_20231003_153022_jpg.rf.d8398fb1cb8883dd76ba01c61d040a76.jpg,1,150,95,471,466
IMG_20231003_153022_jpg.rf.d8398fb1cb8883dd76ba01c61d040a76.jpg,1,113,290,319,584
IMG_20231023_111145_jpg.rf.71d524d867fa0232cff2db9ca4e94b92.jpg,1,176,129,435,510
IMG_20231020_153607_jpg.rf.9830d76ef2b56ce6d064cf3fcaf50fcd.jpg,1,49,144,600,475
IMG_20230925_101938_jpg.rf.f1b03ca9aef477b8da75c1f9781dbea2.jpg,1,234,276,431,374
IMG_20231012_154800_jpg.rf.f97bfa036c3cd9cb781edd9f9b43ad2d.jpg,1,149,143,493,516
IMG_20231008_153100_jpg.rf.15f31139e116142c5b33f49d7587e9bd.jpg,1,84,154,504,595
IMG_20231027_140616_jpg.rf.079b48b5719efb2baba97ace6641d47b.jpg,1,168,81,449,475
V2-3-00048_png.rf.384ea969144c85483930283c380f394b.jpg,1,311,49,522,279
V2-3-00048_png.rf.384ea969144c85483930283c380f394b.jpg,1,223,90,330,279
IMG_20231027_140633_jpg.rf.f3034b7bd2d0f6ced748b167f45284ac.jpg,1,50,113,610,511
IMG_20231007_113055_jpg.rf.4856b9da2016bcf3530f8f6bfcc40e1a.jpg,1,241,234,406,385
IMG_20231005_091019_jpg.rf.75438e90c7aed8d00d279ba93a784d3f.jpg,1,79,165,334,534
IMG_20231005_091019_jpg.rf.75438e90c7aed8d00d279ba93a784d3f.jpg,1,275,216,533,640
IMG_20230926_145908_jpg.rf.8f686e3ab63e658627a0b19f869b5fb5.jpg,1,194,123,403,506
IMG_20231025_111653_jpg.rf.cbf72d98f09751a075b61f3d3001c394.jpg,1,133,55,523,546
IMG_20231001_155924_1_jpg.rf.103c489de4acfddedfa30786986ffc72.jpg,1,213,81,495,331
IMG_20231001_155924_1_jpg.rf.103c489de4acfddedfa30786986ffc72.jpg,1,36,284,559,590
IMG_20231001_155426_jpg.rf.7cde72912cf55c4fbe32af867eed68ed.jpg,1,128,168,498,548
IMG_20231027_140557_jpg.rf.e86a5f877e7143403eb12e78e1faee87.jpg,1,181,65,496,516
IMG_20231103_092450_jpg.rf.83ad7fb53f6bcaa1e5b70e042df79000.jpg,1,129,56,448,544
IMG_20231103_092450_jpg.rf.83ad7fb53f6bcaa1e5b70e042df79000.jpg,1,341,168,604,528
IMG_20231012_154922_jpg.rf.1d006b0d4f0c991f722b847d29731d06.jpg,1,161,90,486,566
IMG_20231005_090952_jpg.rf.fc267ca04fa141ba3e19a52b850997f1.jpg,1,90,165,348,476
IMG_20231005_090952_jpg.rf.fc267ca04fa141ba3e19a52b850997f1.jpg,1,283,63,580,439
IMG_20231106_091521_jpg.rf.c8225a77f7714ae4d50afa7d1b5364e7.jpg,1,108,78,361,561
IMG_20231106_091521_jpg.rf.c8225a77f7714ae4d50afa7d1b5364e7.jpg,1,246,41,595,538
IMG_20231005_091014_jpg.rf.39bb89e6512f983161e492df66088736.jpg,1,71,83,334,481
IMG_20231005_091014_jpg.rf.39bb89e6512f983161e492df66088736.jpg,1,276,131,548,531
IMG_20231003_153038_1_jpg.rf.8df24c7a2f090c214c54587160507c5e.jpg,1,125,96,558,526
IMG_20231011_112109_jpg.rf.59a8bd33bd171534182b3f91a2da54da.jpg,1,138,58,514,500
IMG_20231103_092542_jpg.rf.b925f88658f62e572fbd30958f3fbf4e.jpg,1,144,181,338,568
IMG_20231103_092542_jpg.rf.b925f88658f62e572fbd30958f3fbf4e.jpg,1,235,81,538,541
IMG_20231027_135746_jpg.rf.85c534533301277464a3c8797c38af95.jpg,1,70,63,540,494
IMG_20231026_191520_jpg.rf.d2523ce0811ec9d455f7a5a5ec7cf6cc.jpg,1,40,23,218,418
IMG_20231026_191520_jpg.rf.d2523ce0811ec9d455f7a5a5ec7cf6cc.jpg,1,191,276,615,499
IMG_20230925_101832_jpg.rf.42c0a624e2ce18a18c8a90d82f6ef0de.jpg,1,216,274,408,390
IMG_20231103_092538_jpg.rf.0684028b88dcff4738b4b9ab35493764.jpg,1,203,183,571,539
IMG_20231103_092538_jpg.rf.0684028b88dcff4738b4b9ab35493764.jpg,1,94,259,314,580
IMG_20231005_091125_jpg.rf.e8079f74223d20935d18f86fbcb6f3ec.jpg,1,159,111,439,536
IMG_20231009_163552_jpg.rf.8a14f6659da80f0bbef9dee5e9811e25.jpg,1,163,171,451,568
IMG_20231106_090709_jpg.rf.c44e423da12c6f8559573cf1f69a68d8.jpg,1,33,154,349,628
IMG_20230927_155141_jpg.rf.cd9aef82446dfd815656baff6dab4943.jpg,1,221,93,411,476
IMG_20231027_135716_jpg.rf.8da0f936d88ef20678c1bc8927851278.jpg,1,176,133,470,470
IMG_20231106_090529_jpg.rf.81765e3ae87bebcb2925b645ebaecebb.jpg,1,183,109,456,551
IMG_20230928_102738_jpg.rf.0a939f045380236164a9845fd632f7fc.jpg,1,220,176,419,513
IMG_20231019_105609_jpg.rf.cf7c998c52548e7fb215fd859e82214e.jpg,1,74,103,506,493
VC-3-00016_png.rf.3e7ecba4373db0d77adfe31911783454.jpg,1,196,156,304,292
IMG_20231026_191323_jpg.rf.8c600e6d34960ba32a2c229718aad229.jpg,1,140,176,520,499
IMG_20231004_154107_jpg.rf.dd27766066ca76f1d718432a8d9f0711.jpg,1,145,94,536,479
IMG_20231023_111130_jpg.rf.13975d014da72cc1a86774dbca334d7b.jpg,1,55,123,578,598
IMG_20231003_154112_jpg.rf.d28776ec31e3745be8c73ea770eea53b.jpg,1,94,188,526,484
IMG_20231106_090505_jpg.rf.2bccf7e1c1664fea498f6d7d68f6ae88.jpg,1,154,10,616,358
IMG_20231030_111630_jpg.rf.d5a6257b48df45c7403447af815f8e0c.jpg,1,43,180,550,514
IMG_20231030_111630_jpg.rf.c9624664907b0b9f35db7e2ecd4c3659.jpg,1,43,180,550,514
IMG_20231023_110954_jpg.rf.25eaa43daf13cf2ba70c1be17ee1c55c.jpg,1,153,95,489,630
IMG_20231009_163733_jpg.rf.8d0e490c5c251d2b06860ad3fd1e6639.jpg,1,103,149,596,500
IMG_20231005_090952_jpg.rf.db7bb58929dd92bb17d9d98a61e4dfb3.jpg,1,90,165,348,476
IMG_20231005_090952_jpg.rf.db7bb58929dd92bb17d9d98a61e4dfb3.jpg,1,283,63,580,439
IMG_20231010_110105_jpg.rf.0956d2080fe23f47851acb37d014803d.jpg,1,171,104,516,531
IMG_20230927_154915_jpg.rf.b38ad76d6c4d18b4f5d293c42fcea381.jpg,1,244,179,418,448
IMG_20231002_143349_jpg.rf.f9dbb67ecc3b20f59344fbb0cd569f5d.jpg,1,66,166,568,440
IMG_20231003_152419_jpg.rf.e49c8c022392d45dbd9cbafb7de1edca.jpg,1,313,213,566,558
IMG_20231003_152419_jpg.rf.e49c8c022392d45dbd9cbafb7de1edca.jpg,1,31,104,314,539
IMG_20231016_150536_jpg.rf.22231f7af24c7904db4d29996f70ec6e.jpg,1,255,38,584,374
IMG_20231103_092217_jpg.rf.6b2f52958c668263e9c5453e62a2eb1e.jpg,1,184,109,454,561
IMG_20231027_135552_jpg.rf.a710c61f1661c0a07e6fda169064ad97.jpg,1,103,40,511,640
IMG_20231008_152532_jpg.rf.6644e468a6b09d3a8e6b475dd4b325ca.jpg,1,74,174,565,561
IMG_20230928_103200_jpg.rf.bf067e029c3854cfbecdaec46a5b5434.jpg,1,158,183,519,530
IMG_20230928_103233_jpg.rf.792fcbcb4de120756067280cf0fde078.jpg,1,131,140,484,524
IMG_20231026_191327_jpg.rf.aca2249b7c594b604989290d0ecfaf80.jpg,1,153,55,523,519
IMG_20231106_091504_jpg.rf.12dc070a24afeb810edf160600d751ef.jpg,1,220,51,563,538
IMG_20231106_091504_jpg.rf.12dc070a24afeb810edf160600d751ef.jpg,1,144,111,345,554
IMG_20230927_155829_jpg.rf.b7e8d8857bcb67f315b5daa921982f9f.jpg,1,195,146,439,430
IMG_20231012_155234_jpg.rf.7635db48a3bc1ec33229c3ab77251eea.jpg,1,168,158,533,540
IMG_20231018_113847_jpg.rf.d8bc9d3069bb7a753344d3d0699569bf.jpg,1,173,153,520,445
IMG_20231018_113538_jpg.rf.21979472840a61decc5d121333394876.jpg,1,36,139,620,496
IMG_20231010_110316_jpg.rf.45c4557889b3838c08d6d8a8cc7e3084.jpg,1,163,124,511,579
IMG_20231011_112327_jpg.rf.448206695ddff27712f72858fe86a965.jpg,1,158,25,466,525
IMG_20231020_153647_jpg.rf.cd5b24c7f8747abc34473a08250febb9.jpg,1,91,29,589,491
IMG_20231018_113857_jpg.rf.005a66b29f0677e7e0ad2df8d181235c.jpg,1,91,168,525,436
IMG_20231025_111639_jpg.rf.e2b4e17d0fe41e423fb14500ac2a9576.jpg,1,75,163,553,469
IMG_20231001_155928_jpg.rf.9c0556baf371b6eb248b48b002d34eee.jpg,1,59,153,588,501
IMG_20230927_155807_jpg.rf.cdf9870e62575ca261a9c677aa1cbe93.jpg,1,209,151,488,515
IMG_20231016_150630_jpg.rf.03cc0e6f7d01636ae8bf84ff836394fd.jpg,1,116,71,358,458
IMG_20231027_140630_jpg.rf.8691e059b929a1d324033ff1d79bdfb1.jpg,1,105,204,579,468
IMG_20231103_092629_jpg.rf.6102d9e3cd559d279114ec7894729037.jpg,1,206,89,570,449
IMG_20231103_092629_jpg.rf.6102d9e3cd559d279114ec7894729037.jpg,1,66,145,270,476
IMG_20231001_155815_jpg.rf.089b18039e28fc9b5c49e33c1097845c.jpg,1,35,125,350,438
IMG_20231001_155815_jpg.rf.089b18039e28fc9b5c49e33c1097845c.jpg,1,338,94,558,548
IMG_20231002_144010_jpg.rf.c51147222a2521d49ec6c66838944080.jpg,1,314,203,511,488
IMG_20231002_144010_jpg.rf.c51147222a2521d49ec6c66838944080.jpg,1,161,241,410,563
IMG_20231001_155921_1_jpg.rf.5a1307210daa3e47a058af35245a0a6c.jpg,1,134,19,616,299
IMG_20231001_155921_1_jpg.rf.5a1307210daa3e47a058af35245a0a6c.jpg,1,124,265,486,603
IMG_20231011_112235_jpg.rf.57148a7710f297c99bccf31c66c82dbf.jpg,1,205,41,536,565
IMG_20231011_112235_jpg.rf.57148a7710f297c99bccf31c66c82dbf.jpg,1,204,41,538,565
IMG_20230927_155129_jpg.rf.0ffcb65e5d57255f99099aabeb858c61.jpg,1,200,253,453,413
IMG_20231003_153255_jpg.rf.063c64277d3891dae94cb6e35f05f2cf.jpg,1,118,138,489,560
IMG_20231027_140633_jpg.rf.12c5d683e6930f64a819d73476764f49.jpg,1,50,113,610,511
IMG_20231011_112137_jpg.rf.e6f568de220a7ca346c4d80c0b6e581a.jpg,1,150,64,506,519
IMG_20230927_155833_jpg.rf.007c59936f43ad7c8d6396f5df7bb8d7.jpg,1,250,148,470,433
IMG_20231011_112331_jpg.rf.97db06fe7495e0d859390afa2efe0221.jpg,1,195,110,485,605
IMG_20231027_135837_jpg.rf.4cb490c2c57657e124824247b728659e.jpg,1,160,166,518,510
IMG_20231027_140616_jpg.rf.22590a1b611f8e416ba738ca0951ec90.jpg,1,168,81,449,475
IMG_20231011_112241_jpg.rf.722640a14d51713e2ead4ddc601d2087.jpg,1,99,134,476,603
V1-2-00002_png.rf.72fb0c7af3c220c8ac4886c06a03ab84.jpg,1,298,115,424,224
VE-2-00002_png.rf.1c691d40003743d2f7745ebd088e88da.jpg,1,286,189,319,271
IMG_20231103_092450_jpg.rf.a09affaa1967ee762ac3b5bddc2ff210.jpg,1,129,56,448,544
IMG_20231103_092450_jpg.rf.a09affaa1967ee762ac3b5bddc2ff210.jpg,1,341,168,604,528
IMG_20231030_111742_jpg.rf.81c9ef54ab2941d1c4e6634dd32c490e.jpg,1,81,63,609,499
IMG_20230926_145900_jpg.rf.46de225e4d9e22355c30177be168121f.jpg,1,198,106,434,458
IMG_20231106_090549_jpg.rf.cfd416805ad5a2573eb27c40a1af33e7.jpg,1,294,250,596,618
V2-2-00002_png.rf.982eed0c0dab27e3e1d0fcf5443d1323.jpg,1,204,209,313,324
V2-2-00002_png.rf.982eed0c0dab27e3e1d0fcf5443d1323.jpg,1,346,30,495,194
IMG_20231002_143637_1_jpg.rf.f575a86738ec23818c11b8d02980a30c.jpg,1,89,124,338,558
IMG_20231002_143637_1_jpg.rf.f575a86738ec23818c11b8d02980a30c.jpg,1,341,118,618,553
IMG_20231007_113152_jpg.rf.f545f06607d0a1085342a46002b9558a.jpg,1,223,193,414,451
IMG_20231025_111646_jpg.rf.29d661053c7090bf0b1a4398d33dc8e2.jpg,1,74,105,531,524
IMG_20230928_102719_jpg.rf.45accfb3d27bd2e7f6364ffd2e7b06ae.jpg,1,236,258,453,413
IMG_20231025_111528_jpg.rf.aa8883a52fbd7b5c3d37056da084eb89.jpg,1,19,141,530,466
IMG_20231016_150449_jpg.rf.3ed227470e32652a3607be6f71ed50fc.jpg,1,128,101,508,493
IMG_20231003_153038_1_jpg.rf.1255e24955d0c13a257835ca917137ad.jpg,1,125,96,558,526
IMG_20231005_091125_jpg.rf.6f31c1db9be9a7d3c462208bd845b938.jpg,1,159,111,439,536
IMG_20231030_111658_jpg.rf.4bdf832c50df12ee547b35e3fa3c123f.jpg,1,150,151,569,480
IMG_20231008_152436_jpg.rf.aa9d92deb28bbd42434f3586285fc66b.jpg,1,65,76,511,555
IMG_20231011_112235_jpg.rf.8d5737e2f08e345fd639b3000d871e06.jpg,1,205,41,536,565
IMG_20231011_112235_jpg.rf.8d5737e2f08e345fd639b3000d871e06.jpg,1,204,41,538,565
Mix-2-00043_png.rf.67c61f2c8f254857b742ce8c98abe726.jpg,1,263,125,308,274
Mix-2-00043_png.rf.67c61f2c8f254857b742ce8c98abe726.jpg,1,63,16,303,297
Mix-2-00043_png.rf.67c61f2c8f254857b742ce8c98abe726.jpg,1,278,30,399,293
V1-2-00039_png.rf.e3d7b413f8c8891c4d012ff559020abc.jpg,1,301,16,381,293
IMG_20231008_152447_jpg.rf.ed18246a4531c9cac9c07404e35da68c.jpg,1,133,113,530,543
V2-2-00042_png.rf.5b78effb8a9632eab1d3eba6f78e6931.jpg,1,184,25,354,299
V2-2-00042_png.rf.5b78effb8a9632eab1d3eba6f78e6931.jpg,1,314,89,469,299
IMG_20230926_145940_jpg.rf.7cf0d7b1df0dcb95984ff01623f1c1c8.jpg,1,164,233,463,444
VC-2-00038_png.rf.66084259602d4acf44d85ec7418b6eeb.jpg,1,310,108,353,318
IMG_20231026_191229_jpg.rf.37ee355cec507ec242d29a0483cf7f6f.jpg,1,155,220,608,483
IMG_20231009_163756_jpg.rf.f7b66baa237015d0bad4edb9942cb6f7.jpg,1,151,111,491,595
V1-3-00002_png.rf.53c43601f972571f89a53bfac339cf2d.jpg,1,269,159,385,288
IMG_20231030_111815_jpg.rf.0d7dc8c3ad791c5324d9d8a0744600b3.jpg,1,139,23,534,475
IMG_20231106_090738_jpg.rf.178ae2c53f9d5d5ad8e114b458c77c3a.jpg,1,99,31,630,350
IMG_20231025_111548_jpg.rf.6e1c55c07a73aaa9e45846ab42175588.jpg,1,179,94,529,545
IMG_20231023_111104_jpg.rf.bc5a43fe9f4b22fb6b721d5349a3cf24.jpg,1,300,461,305,465
IMG_20231023_111104_jpg.rf.bc5a43fe9f4b22fb6b721d5349a3cf24.jpg,1,191,53,440,578
IMG_20231009_163748_jpg.rf.dcb9dcc7a0dc9ced2c1e24809b4ab585.jpg,1,105,115,499,616
IMG_20231106_090709_jpg.rf.e3e8d86918cdb154aaddd13298f57e55.jpg,1,33,154,349,628
IMG_20231106_090549_jpg.rf.94edfc6b642bbe38cf5729c31e9d71cd.jpg,1,294,250,596,618
IMG_20231009_163806_jpg.rf.e6c917751792791cca77de8b637d9e4d.jpg,1,215,153,484,628
IMG_20231103_092401_jpg.rf.9176e0c5c146fb9cc56274bbd8f4e88a.jpg,1,0,50,525,401
IMG_20231016_150620_jpg.rf.df32dbbdd8d6de56362c8fddc09ef665.jpg,1,274,179,531,504
IMG_20231003_153038_1_jpg.rf.13cfa4bfba414bbf6b9b98ee9ab46620.jpg,1,125,96,558,526
IMG_20231106_091504_jpg.rf.a9fceef566395d7155e390e87727dcbd.jpg,1,220,51,563,538
IMG_20231106_091504_jpg.rf.a9fceef566395d7155e390e87727dcbd.jpg,1,144,111,345,554
IMG_20231005_091121_jpg.rf.5f29b8a4bedbdfd1e44310efa37fad6b.jpg,1,131,116,456,578
VE-2-00001_png.rf.912b17600a322bc97b846c9a081f9819.jpg,1,286,184,320,264
IMG_20231003_153043_jpg.rf.1e158402d9fe9e2fde68c893937bd594.jpg,1,121,40,566,595
IMG_20231003_153218_jpg.rf.e8f31284b309670070eafc3f98c29ff8.jpg,1,109,63,521,523
Mix-2-00001_png.rf.d127d929931726bc3264b4894f8f3532.jpg,1,73,149,294,315
Mix-2-00001_png.rf.d127d929931726bc3264b4894f8f3532.jpg,1,214,23,459,254

IMG_20231005_091125_jpg.rf.ffa6e9293c03e48f574f82f6fcb254da.jpg,1,159,111,439,536
IMG_20231016_150430_jpg.rf.dee6e8c7c7f25aa22ee463db63997c7f.jpg,1,268,75,500,490
IMG_20231009_163800_jpg.rf.e94e3677beb3d9718aeda0faa7262adb.jpg,1,158,168,480,608
V2-2-00001_png.rf.6a77f0c309f212911db65ddeec33ca46.jpg,1,201,214,310,329
V2-2-00001_png.rf.6a77f0c309f212911db65ddeec33ca46.jpg,1,345,36,488,198
IMG_20231027_135712_jpg.rf.54742e137f0bb737c6a2f64986c4f6b0.jpg,1,174,83,466,538
IMG_20231008_152532_jpg.rf.f3171ff26f56d684fbe695cf6d54f7e8.jpg,1,74,174,565,561
IMG_20231030_111818_jpg.rf.6ad28b9bbcc09b517e7657f4f5e252be.jpg,1,128,48,541,553
IMG_20230926_145945_jpg.rf.cc52d11d3c5e290380eacc7207daa202.jpg,1,194,148,421,494
Mix-3-00026_png.rf.2eb5d87c8b61557c00a2031383b43b71.jpg,1,220,54,313,234
Mix-3-00026_png.rf.2eb5d87c8b61557c00a2031383b43b71.jpg,1,331,163,350,222
Mix-3-00026_png.rf.2eb5d87c8b61557c00a2031383b43b71.jpg,1,280,29,400,216
IMG_20231106_090604_jpg.rf.85931659a193674c2e02efe100462d3c.jpg,1,138,126,506,520
IMG_20231025_111524_jpg.rf.a1c7ead311b756a67d3dcd1fc75b7e2b.jpg,1,23,148,555,515
IMG_20231103_092542_jpg.rf.7a72ab7604d1fa68c6e37e6a2800ccd1.jpg,1,144,181,338,568
IMG_20231103_092542_jpg.rf.7a72ab7604d1fa68c6e37e6a2800ccd1.jpg,1,235,81,538,541
VC-3-00001_png.rf.ecc49656906ed67cd79457bc43b0e03e.jpg,1,174,150,288,220
IMG_20231002_143513_jpg.rf.80bcd675f848a477b8c464232b8bf543.jpg,1,175,83,530,544
IMG_20231103_092404_jpg.rf.414f785dd21ab0681c7104bdfe3aeb6f.jpg,1,8,268,513,583
IMG_20231002_143753_jpg.rf.702a7e09a999703adb14dc16a48b9f1d.jpg,1,55,301,486,573
IMG_20231002_143753_jpg.rf.702a7e09a999703adb14dc16a48b9f1d.jpg,1,203,164,453,304
IMG_20231106_090600_jpg.rf.e3fb650a3e9bf9511e789edebc7cf3e6.jpg,1,103,54,474,538
IMG_20231008_152543_jpg.rf.186730951e3eb0adbbfc2a658c84ad97.jpg,1,109,156,514,559
IMG_20231026_191233_jpg.rf.26127d167cf428f85da61b7f45fe868f.jpg,1,140,180,395,556
IMG_20231008_152524_1_jpg.rf.0a53171485a7e2fa22db37a48cc1cfa9.jpg,1,104,103,583,566
IMG_20231103_092313_jpg.rf.7e569de91d3d2ac4773a3cdfee38790c.jpg,1,29,151,613,484
IMG_20231025_111627_jpg.rf.8de51021b427333cb4044780fc1af58b.jpg,1,169,48,518,601
IMG_20230927_155159_jpg.rf.ffc7ea73b41d0a9e9f15d8fcfa88f79e.jpg,1,246,181,509,479
IMG_20231020_153635_jpg.rf.323009f0a2cd5e7b2521b87f258c1bd0.jpg,1,206,19,494,525
IMG_20231018_113829_jpg.rf.78bcda2b676c56e5a7bc2558017a76a4.jpg,1,159,115,501,539
IMG_20230927_154903_jpg.rf.d62dc4b093ea42767b106ffb1c1cf499.jpg,1,199,231,418,418
IMG_20231010_110324_jpg.rf.ec0617582a6fa93adaeee8f5475c7f17.jpg,1,249,43,546,548
IMG_20231020_153647_jpg.rf.8beb0116891e8a622a56e58d6ee66196.jpg,1,91,29,589,491
IMG_20230927_154946_jpg.rf.3f2da0587756f33404b79ff924515f7d.jpg,1,268,181,399,481
IMG_20231008_152536_jpg.rf.11f88ecda899f42226fd134caacb9313.jpg,1,103,140,525,555
IMG_20231010_110102_jpg.rf.46277ecc95e29f824ddc6a2109553c2b.jpg,1,184,134,539,531
IMG_20231025_111459_jpg.rf.591996c8ab475e7019e16cf8d6bf574c.jpg,1,185,66,529,613
IMG_20231023_111124_jpg.rf.67cbac36cda3f7ea6d607586f368a83e.jpg,1,55,163,640,431
IMG_20231026_191428_jpg.rf.32bac710aab067885eee577ed5a55535.jpg,1,81,0,301,399
IMG_20231026_191428_jpg.rf.32bac710aab067885eee577ed5a55535.jpg,1,278,294,595,553
IMG_20231010_110050_jpg.rf.f4d9996dfa036c48d806dc7e1524d5fe.jpg,1,170,58,465,516
IMG_20231106_090803_jpg.rf.d06380b93285f14737964af0fa5e1140.jpg,1,184,103,479,539
IMG_20231027_135828_jpg.rf.9a14aea75512dcf33cda6df2cbd1110c.jpg,1,131,125,508,508
IMG_20231027_140621_jpg.rf.8bffec44a6d668ed7d7208c0cf304287.jpg,1,220,71,565,515
Mix-3-00001_png.rf.115a2cbed874a21e41e3a9db7c422ca1.jpg,1,149,15,295,180
Mix-3-00001_png.rf.115a2cbed874a21e41e3a9db7c422ca1.jpg,1,215,106,408,323
IMG_20231106_090744_jpg.rf.51280b59d41445be2410da7c8abc77e1.jpg,1,15,45,509,371
IMG_20231001_155800_jpg.rf.45cd2096625020a47b60dfd93a026d67.jpg,1,91,234,400,498
IMG_20231001_155800_jpg.rf.45cd2096625020a47b60dfd93a026d67.jpg,1,265,45,556,433
IMG_20231003_153225_jpg.rf.c7e40bc4f68a701dff5cef0507456390.jpg,1,165,68,534,489
IMG_20231030_111815_jpg.rf.4482fd753dfbd29338f6c9924e29362c.jpg,1,139,23,534,475
IMG_20231027_135807_jpg.rf.0401e9a6d409d8bd699c0b4b900f3580.jpg,1,118,70,460,541
V2-2-00041_png.rf.5f089667ba1350f72fd7fcfabf02bb68.jpg,1,188,26,359,302
V2-2-00041_png.rf.5f089667ba1350f72fd7fcfabf02bb68.jpg,1,316,90,471,302
Mix-1-00002_png.rf.964b628ac092f72e43144bd23e34b1b0.jpg,1,170,25,361,222
Mix-1-00002_png.rf.964b628ac092f72e43144bd23e34b1b0.jpg,1,275,159,416,348
V1-1-00047_png.rf.371509ec83c83c155c1ef3ef61566e96.jpg,1,329,8,375,312
V1-2-00010_png.rf.87640778af6fbfd85a9e615a7bdabc34.jpg,1,331,125,464,309
Mix-1-00019_png.rf.0984f8e5063321a6bdf3c89eb42dd1fb.jpg,1,216,54,385,169
Mix-1-00019_png.rf.0984f8e5063321a6bdf3c89eb42dd1fb.jpg,1,270,159,303,228
Mix-1-00019_png.rf.0984f8e5063321a6bdf3c89eb42dd1fb.jpg,1,308,114,458,331
Mix-1-00019_png.rf.0984f8e5063321a6bdf3c89eb42dd1fb.jpg,1,0,0,29,71
VC-1-00032_png.rf.26b766d9a5cf59c172910fe92e21eed0.jpg,1,336,136,385,331
IMG_20231001_155617_jpg.rf.4049ac32a24bd957d8b2c4b50fafd661.jpg,1,91,105,514,588
VC-1-00002_png.rf.662a8771d68c2c8035b130bc38bada4f.jpg,1,253,131,321,203
VC-3-00030_png.rf.521a206aa58aa52074d57beeb1675001.jpg,1,230,121,288,328
Mix-1-00002_png.rf.6a81d55fa632991de38413e21a169486.jpg,1,170,25,361,222
Mix-1-00002_png.rf.6a81d55fa632991de38413e21a169486.jpg,1,275,159,416,348
VC-1-00002_png.rf.8af21d7b0e89c15ebf1cfd22b01c233d.jpg,1,253,131,321,203
Mix-3-00037_png.rf.78f083e8afaaaaf08326c2755805b15f.jpg,1,194,59,295,270
Mix-3-00037_png.rf.78f083e8afaaaaf08326c2755805b15f.jpg,1,243,24,396,271
Mix-3-00037_png.rf.78f083e8afaaaaf08326c2755805b15f.jpg,1,324,150,353,273
VE-2-00024_png.rf.7f82f095f6e86a716abf725a60c2ffc6.jpg,1,310,78,376,224
VC-2-00037_png.rf.e475d6d49ece8daffcc254f52473bb67.jpg,1,311,105,355,314
V2-1-00001_png.rf.1d15f175350a176aedb2d3ea7cd19947.jpg,1,124,66,296,176
V2-1-00001_png.rf.1d15f175350a176aedb2d3ea7cd19947.jpg,1,321,198,416,294
IMG_20231106_090422_jpg.rf.c0ee70bc99cea8a3f0b1db58940c4d41.jpg,1,200,60,425,524
IMG_20231001_155617_jpg.rf.7fb66198e355d5f1bad2dcad85c473f0.jpg,1,91,105,514,588
IMG_20231106_090422_jpg.rf.021c159af1feeb9a16c19c53a95e5f3c.jpg,1,200,60,425,524
Mix-1-00042_png.rf.0a450b7b488353299bc259f88584f4ae.jpg,1,226,139,264,303
Mix-1-00042_png.rf.0a450b7b488353299bc259f88584f4ae.jpg,1,188,18,330,301
Mix-1-00042_png.rf.0a450b7b488353299bc259f88584f4ae.jpg,1,278,26,433,302
IMG_20231030_111637_jpg.rf.fb32af78a0ff592f70b39f4c201876e0.jpg,1,136,23,531,465
VC-2-00024_png.rf.ddf79b8034067400676db590ba15ea0a.jpg,1,308,80,365,256
V1-1-00001_png.rf.8c98c7ec0bbe480dd13c305c20342f6b.jpg,1,285,51,390,213
V2-1-00039_png.rf.d484466b0c8594aab669ac644ed052ec.jpg,1,177,111,303,316
V2-1-00039_png.rf.d484466b0c8594aab669ac644ed052ec.jpg,1,324,71,434,336
V1-1-00047_png.rf.6a25d59adf84a2355d61459d40f475c4.jpg,1,329,8,375,312
V2-3-00002_png.rf.dea87f70d60b515f6d88233e925f2bd2.jpg,1,184,23,295,131
V2-3-00002_png.rf.dea87f70d60b515f6d88233e925f2bd2.jpg,1,290,191,439,347
VE-2-00024_png.rf.365d7a23154eb9cad07b14c67deb5fb2.jpg,1,310,78,376,224
VE-1-00017_png.rf.6a7c77164f560c2066cfd8f80545689b.jpg,1,350,105,423,248
VC-1-00017_png.rf.41dd8a8f01f23c26351d582e1ddad490.jpg,1,289,69,354,246
VE-3-00044_png.rf.a5c59e006699772b620e75341b3350c2.jpg,1,259,110,295,247
Mix-2-00022_png.rf.8ff009da3bac00ffad8f8876799fcd60.jpg,1,84,73,311,275
Mix-2-00022_png.rf.8ff009da3bac00ffad8f8876799fcd60.jpg,1,239,18,441,231
Mix-2-00022_png.rf.8ff009da3bac00ffad8f8876799fcd60.jpg,1,286,184,316,209
V1-2-00038_png.rf.7427f76a9017df7abeea1b56a532a9c9.jpg,1,305,15,385,296
V1-1-00010_png.rf.68b3d7dd68d249280235f8cafe791315.jpg,1,321,98,459,263
Mix-3-00002_png.rf.606bc4da0e33bf18e9896fec3fe65f47.jpg,1,145,21,291,182
Mix-3-00002_png.rf.606bc4da0e33bf18e9896fec3fe65f47.jpg,1,210,110,401,324
V1-3-00053_png.rf.4e60c1733d0b13372c0bbf5ce6ce1a99.jpg,1,299,13,371,272
V1-2-00010_png.rf.a9b34e35e4abe4c98fc053699addadf4.jpg,1,331,125,464,309
IMG_20230925_101905_jpg.rf.ebff5287072bba05ae0f10c72b798eeb.jpg,1,264,218,394,434
IMG_20230925_101905_jpg.rf.db14cf906ab95432d409e9f8bf1074f1.jpg,1,264,218,394,434
V1-1-00002_png.rf.c2ac1ba6daf284adc7415aca1c2ec9cb.jpg,1,283,49,385,211
IMG_20231007_113118_jpg.rf.0ecdea597c4cc1a7082b6ea891fee754.jpg,1,270,274,444,425
VC-2-00024_png.rf.794b268ebcf5bd1928e670e5428e6c43.jpg,1,308,80,365,256
IMG_20231019_105518_jpg.rf.64df5c3e55ef76b28cb76b664787ccbe.jpg,1,120,104,475,548
VE-3-00002_png.rf.a547613836f38bf6d0ab617fcd23608d.jpg,1,121,100,301,200
V1-1-00011_png.rf.c0d3b46552a6daa126f7457113248db1.jpg,1,341,78,486,268
V2-1-00018_png.rf.148c6195256fb032d201e2140b7541e4.jpg,1,181,49,319,222
V2-1-00018_png.rf.148c6195256fb032d201e2140b7541e4.jpg,1,346,163,450,286
IMG_20231001_155608_1_jpg.rf.a541b1154ec2d34284b26c5e856bfea6.jpg,1,153,115,484,524
VE-2-00032_png.rf.26d64d4f42e570a422e52a8678756813.jpg,1,323,141,365,281
IMG_20231007_113129_jpg.rf.b63229792e82b793ce9c6893aaafd68f.jpg,1,300,114,446,416
VC-1-00032_png.rf.e84bacafc1d037b33fa62f119b6fa636.jpg,1,336,136,385,331
V1-1-00047_png.rf.e52265c8014d01efdb0783faa53d0299.jpg,1,329,8,375,312
IMG_20231026_191303_jpg.rf.2767c88b307036671b58e0fbf6fca014.jpg,1,83,211,563,484
V2-1-00002_png.rf.6eca83685e93c25165f287b55df1fed1.jpg,1,121,64,296,174
V2-1-00002_png.rf.6eca83685e93c25165f287b55df1fed1.jpg,1,321,195,415,292
VE-2-00032_png.rf.fdb244446a0bececc201c6d3ba126c3a.jpg,1,323,141,365,281
IMG_20231002_143522_jpg.rf.d0a432634f01ba345bab457f9d0258aa.jpg,1,171,173,551,514
IMG_20231007_113157_jpg.rf.9d0f8d9be91666ee589ad191e45f33ba.jpg,1,236,150,395,456
IMG_20231016_150502_jpg.rf.af978e42b1fd921d6e0150e8b407fbe0.jpg,1,101,174,310,500
VE-3-00002_png.rf.5340d7312386e2934dfa771dfab0635e.jpg,1,121,100,301,200
IMG_20231002_143438_jpg.rf.1ccd03146b6e7c6891f7636ed37eb862.jpg,1,231,171,438,530
Mix-1-00042_png.rf.297054a996d0b28ef399b16148343e34.jpg,1,226,139,264,303
Mix-1-00042_png.rf.297054a996d0b28ef399b16148343e34.jpg,1,188,18,330,301
Mix-1-00042_png.rf.297054a996d0b28ef399b16148343e34.jpg,1,278,26,433,302
V2-3-00002_png.rf.4624db7ef9652f0d2fceece0faaa527a.jpg,1,184,23,295,131
V2-3-00002_png.rf.4624db7ef9652f0d2fceece0faaa527a.jpg,1,290,191,439,347
IMG_20231001_155608_1_jpg.rf.8cc588a4d6167764481fc88705de3626.jpg,1,153,115,484,524
VC-3-00030_png.rf.0fd0eaba9012a861f0d88db4c07314e4.jpg,1,230,121,288,328
IMG_20231007_113102_jpg.rf.4437a58d57cee9aa3e11a9f352313e15.jpg,1,238,99,415,399
V2-2-00027_png.rf.886abc3657d3bdf8337ef932048a4d61.jpg,1,189,90,326,253
V2-2-00027_png.rf.886abc3657d3bdf8337ef932048a4d61.jpg,1,321,31,466,244
V1-2-00038_png.rf.6c318d925ae615326839b9c144c5bdfd.jpg,1,305,15,385,296
IMG_20231106_090705_jpg.rf.43a9c59963a6eef4cdfe2109ce78496d.jpg,1,38,38,373,513
V2-1-00039_png.rf.30443c3e8850af365cbb615cf856f521.jpg,1,177,111,303,316
V2-1-00039_png.rf.30443c3e8850af365cbb615cf856f521.jpg,1,324,71,434,336
V1-3-00053_png.rf.86d912f556d5d5d2f6b443e79f50d651.jpg,1,299,13,371,272
VE-3-00044_png.rf.86c968758638d3434ebf155a97be2c5a.jpg,1,259,110,295,247
IMG_20231003_153101_jpg.rf.ceac72ed41e974b7472762ae82f1fc31.jpg,1,131,119,518,573
V2-2-00027_png.rf.c0881860ad741b28c89d54e5bd96bd25.jpg,1,189,90,326,253
V2-2-00027_png.rf.c0881860ad741b28c89d54e5bd96bd25.jpg,1,321,31,466,244
VE-1-00001_png.rf.92e5f44974c6194bf76a54af3f3d7e26.jpg,1,284,143,369,183
IMG_20231103_092345_jpg.rf.4a8467c88b1321a7eb6692f1f4b22554.jpg,1,156,36,479,601
IMG_20231007_113107_jpg.rf.c3fd21a99401cba6136bc4ea4e7f0360.jpg,1,253,161,389,463
VE-2-00032_png.rf.477053a7dca2daf7afe88dd350b61a6c.jpg,1,323,141,365,281
IMG_20231012_155105_jpg.rf.bdae59d841f1fa4f4e18341513fd92b3.jpg,1,201,116,463,509
VC-1-00016_png.rf.47a75d59d97a8475d610278a5fc51466.jpg,1,283,90,348,248
IMG_20231026_191144_jpg.rf.27a809694d177cde60e27431c524cb52.jpg,1,84,159,519,495
Mix-3-00037_png.rf.05a689bbbaa1ea9481cb7c52a3e859df.jpg,1,194,59,295,270
Mix-3-00037_png.rf.05a689bbbaa1ea9481cb7c52a3e859df.jpg,1,243,24,396,271
Mix-3-00037_png.rf.05a689bbbaa1ea9481cb7c52a3e859df.jpg,1,324,150,353,273
IMG_20230925_101958_jpg.rf.ebdb134169e29fa335c00f2afc2d7db7.jpg,1,233,238,403,424
V2-2-00002_png.rf.e93fa90053eefd6c0311b65154995dd1.jpg,1,204,209,313,324
V2-2-00002_png.rf.e93fa90053eefd6c0311b65154995dd1.jpg,1,346,30,495,194
VC-1-00032_png.rf.fdcb9efbe2ed46a0f031bfa2e6814e5e.jpg,1,336,136,385,331
IMG_20231106_090854_jpg.rf.2744d20f67b3b8234972df5149a0a486.jpg,1,10,23,473,343
IMG_20231007_113129_jpg.rf.2d40e6c65d30d719533b81db6d234cd9.jpg,1,300,114,446,416
IMG_20231001_155849_jpg.rf.75efec9cd5b63ae3675914005b25671d.jpg,1,208,190,529,599
IMG_20231001_155849_jpg.rf.75efec9cd5b63ae3675914005b25671d.jpg,1,164,100,540,250
IMG_20231007_113213_jpg.rf.6b5d7786085f44051e9d7c1f08bc41c4.jpg,1,168,96,374,429
IMG_20231026_191458_jpg.rf.9e97bd16a0af95bc37cf3cf19a4ecb10.jpg,1,39,203,169,541
IMG_20231026_191458_jpg.rf.9e97bd16a0af95bc37cf3cf19a4ecb10.jpg,1,156,415,495,631
V2-2-00041_png.rf.ee127a294dc1522cb6607d9572277ea2.jpg,1,188,26,359,302
V2-2-00041_png.rf.ee127a294dc1522cb6607d9572277ea2.jpg,1,316,90,471,302
VE-2-00002_png.rf.d814cfcbfe880225908eb85128d84909.jpg,1,286,189,319,271
V1-2-00002_png.rf.8b21be688f61ce0e65b0982b8b5b4bfb.jpg,1,298,115,424,224
IMG_20231009_163513_jpg.rf.c3d9f878031f877c228fd597709c9785.jpg,1,101,160,494,495
IMG_20231103_092518_jpg.rf.4a2026237a0569c4c1b0ed66602f43a1.jpg,1,154,169,514,598
IMG_20231103_092518_jpg.rf.4a2026237a0569c4c1b0ed66602f43a1.jpg,1,291,278,613,570
IMG_20231106_090455_jpg.rf.b4184b8f008393ae04bd7a0ed98bd691.jpg,1,130,78,504,548
IMG_20231007_113157_jpg.rf.0f9bd93c28778b7046dde7efe241b2ff.jpg,1,236,150,395,456
IMG_20231009_163437_jpg.rf.6f62cbaf87c06ed80326211dd65eef64.jpg,1,139,40,451,573
V2-1-00018_png.rf.9d4e286d0244018b39660b15cb103b75.jpg,1,181,49,319,222
V2-1-00018_png.rf.9d4e286d0244018b39660b15cb103b75.jpg,1,346,163,450,286
VE-1-00002_png.rf.7339a5746c332f616afc413e33e7a5f9.jpg,1,285,140,366,181
IMG_20231106_090854_jpg.rf.8a27cc65497aeb1f20661ca3d0f074ad.jpg,1,10,23,473,343
IMG_20230928_103233_jpg.rf.7a332b65d1fbcd4d52c0fccb9115aa61.jpg,1,131,140,484,524
VC-2-00001_png.rf.44eff2c902a853a383e0d783eaea92fd.jpg,1,254,154,329,233
V1-4-00011_png.rf.0e7dfbf91118c648553092cef351c0b5.jpg,1,296,114,423,280
V2-1-00017_png.rf.f06acf2c39a42a52559f21e1d96a7ce6.jpg,1,191,61,323,229
V2-1-00017_png.rf.f06acf2c39a42a52559f21e1d96a7ce6.jpg,1,346,174,445,286
Mix-2-00022_png.rf.2032fd5a198c9f0006c29be1f68f4ee3.jpg,1,84,73,311,275
Mix-2-00022_png.rf.2032fd5a198c9f0006c29be1f68f4ee3.jpg,1,239,18,441,231
Mix-2-00022_png.rf.2032fd5a198c9f0006c29be1f68f4ee3.jpg,1,286,184,316,209
IMG_20230927_155711_jpg.rf.05a0c49de3dc01660a7b9eb8be16c291.jpg,1,51,199,316,548
IMG_20230927_155711_jpg.rf.05a0c49de3dc01660a7b9eb8be16c291.jpg,1,323,118,518,486
V1-4-00011_png.rf.40e3e70ead20a9daf4a9f78a4bb97d97.jpg,1,296,114,423,280
IMG_20230925_101846_jpg.rf.27c2a1101f574b8416c30cd31a8be915.jpg,1,234,254,393,431
VE-1-00017_png.rf.125825d99bd9218552fd5907221cf231.jpg,1,350,105,423,248
IMG_20230928_102642_jpg.rf.9bea35a940666804d6c6227604e6533f.jpg,1,205,100,446,445
IMG_20231025_111630_jpg.rf.b663a59510156c0fb86f36f9a8625d98.jpg,1,159,73,466,556
IMG_20231016_150332_jpg.rf.b1868b0d4500f3a256274f305260dee4.jpg,1,71,33,475,434
IMG_20231027_135545_jpg.rf.2ac171c689f6a24f0d98ea213851c9ce.jpg,1,65,33,610,513
IMG_20231016_150549_jpg.rf.b137c1454f408d72451ebf505bee1df7.jpg,1,326,193,595,508
IMG_20231103_092518_jpg.rf.74c2cfaf34330762646113fdca4cc3ee.jpg,1,154,169,514,598
IMG_20231103_092518_jpg.rf.74c2cfaf34330762646113fdca4cc3ee.jpg,1,291,278,613,570
Mix-4-00001_png.rf.5f10c1ce26820db9c94013406e288543.jpg,1,123,95,366,321
Mix-4-00001_png.rf.5f10c1ce26820db9c94013406e288543.jpg,1,305,53,493,205
IMG_20230928_102642_jpg.rf.5fdcfc90069ff6b62de65e80259de8d7.jpg,1,205,100,446,445
Mix-2-00022_png.rf.3531485a80faad3f2492713700f4a064.jpg,1,84,73,311,275
Mix-2-00022_png.rf.3531485a80faad3f2492713700f4a064.jpg,1,239,18,441,231
Mix-2-00022_png.rf.3531485a80faad3f2492713700f4a064.jpg,1,286,184,316,209
V2-4-00001_png.rf.9cfd17d499dd2a44421e9544e5ff798d.jpg,1,50,168,255,342
V2-4-00001_png.rf.9cfd17d499dd2a44421e9544e5ff798d.jpg,1,306,39,423,165
IMG_20231001_155625_jpg.rf.1b8e1e8a7ede67e263bd0277e38c17fd.jpg,1,165,116,500,515
V1-2-00001_png.rf.8d5fd2688cd3c01e50b0f44851e24941.jpg,1,294,119,423,230

Mix-1-00001_png.rf.436fe6e684196560fc006739bcd74b6a.jpg,1,171,20,363,216
Mix-1-00001_png.rf.436fe6e684196560fc006739bcd74b6a.jpg,1,276,155,416,343
Mix-4-00001_png.rf.d6b0533992c2367b158858740fca9f33.jpg,1,123,95,366,321
Mix-4-00001_png.rf.d6b0533992c2367b158858740fca9f33.jpg,1,305,53,493,205
IMG_20231007_113129_jpg.rf.ffe6801af62853d36280d091ec7605ba.jpg,1,300,114,446,416
VC-2-00037_png.rf.7c2edcc162c9f58ce2e09c4fbc5956b6.jpg,1,311,105,355,314
IMG_20231016_150506_jpg.rf.5a93a6d0bcb8b908f30d58fb060bb328.jpg,1,123,318,271,461
IMG_20231016_150506_jpg.rf.5a93a6d0bcb8b908f30d58fb060bb328.jpg,1,111,169,506,581
IMG_20231030_111739_jpg.rf.73b553c92b702ddd155bc144b02665d0.jpg,1,76,114,619,443
VE-4-00015_png.rf.51c52c54bb55399e8115b8511d3d3442.jpg,1,208,0,245,169
IMG_20231026_191303_jpg.rf.3f2bde7d90313fa2a20bae62986d6dcb.jpg,1,83,211,563,484
IMG_20230927_154903_jpg.rf.394ca842ebccbff2640ae081779b861c.jpg,1,199,231,418,418
IMG_20231012_154821_jpg.rf.013eaa363c6c83601fbccbf57e9bc1e7.jpg,1,171,90,444,479
IMG_20231030_111710_jpg.rf.2de86deef39a168305c53dd21565f78b.jpg,1,86,155,596,481
IMG_20231106_090705_jpg.rf.6f68a33c43221aa206d7872db1a8a4d8.jpg,1,38,38,373,513
IMG_20231016_150405_1_jpg.rf.456aa29f3de74ee41e510e5f1a6d6e63.jpg,1,156,225,428,556
V2-1-00002_png.rf.7c61b1f75148bf883eed93949cd6d788.jpg,1,121,64,296,174
V2-1-00002_png.rf.7c61b1f75148bf883eed93949cd6d788.jpg,1,321,195,415,292
Mix-1-00041_png.rf.4a61077039a89794b6060ffd421d4d5e.jpg,1,229,135,266,298
Mix-1-00041_png.rf.4a61077039a89794b6060ffd421d4d5e.jpg,1,275,26,436,297
Mix-1-00041_png.rf.4a61077039a89794b6060ffd421d4d5e.jpg,1,190,15,308,291
VC-1-00017_png.rf.67be6bb13e5a8556c2572e24de873246.jpg,1,289,69,354,246
IMG_20231007_113102_jpg.rf.7b828ba3001c9c21a7de4b3afff2f2a3.jpg,1,238,99,415,399
V1-1-00011_png.rf.cd329716d6a07fff129058f167f53696.jpg,1,341,78,486,268
IMG_20231106_090903_jpg.rf.b11120547e7a4bf531bcc6feaeec61bd.jpg,1,243,311,636,621
IMG_20231003_153101_jpg.rf.ff842e355ef4c0562b7db4876d9bc6e1.jpg,1,131,119,518,573
IMG_20231106_090412_jpg.rf.bda1ca332d4741e5d75e4b3cc9fafc6f.jpg,1,14,104,571,514
VE-2-00025_png.rf.f0f541ddcf283e4d988e565285937773.jpg,1,305,66,353,241
IMG_20231019_190457_jpg.rf.fa733f9ab4e61e8ded4eff3b0a9f0d26.jpg,1,29,203,404,623
IMG_20231026_191123_jpg.rf.50c7961976803b559b02b99a9848be3e.jpg,1,119,173,640,475
IMG_20231026_191311_jpg.rf.9f04396387c91ad3ff6fe7cbc0a3145d.jpg,1,231,66,409,534
IMG_20231007_113152_jpg.rf.f2fa8fd68a36285853e3cb9e0874d08e.jpg,1,223,193,414,451
V1-2-00010_png.rf.4f75a104e376b84632a0d125a44a8a1f.jpg,1,331,125,464,309
IMG_20231016_150405_1_jpg.rf.7e9ac6cf5485731d5874eb122ef33727.jpg,1,156,225,428,556
IMG_20231030_111701_jpg.rf.c428670384984ef3d77c541930501fea.jpg,1,145,114,530,468
IMG_20231007_113143_jpg.rf.8a05dfd759ce683d560beac66ad48a2a.jpg,1,258,224,411,393
VE-1-00002_png.rf.19abf9501056ca616e17a3dab3bd0232.jpg,1,285,140,366,181
V1-1-00002_png.rf.1e2f0c3d144b299d391e22c8ed311333.jpg,1,283,49,385,211
IMG_20231030_111651_jpg.rf.68006949688667e3f57d4b398a42d215.jpg,1,23,34,598,484
IMG_20231001_155836_jpg.rf.3f1aeba9cdc0db8212ef12e5e3f469e7.jpg,1,79,103,309,469
IMG_20231001_155836_jpg.rf.3f1aeba9cdc0db8212ef12e5e3f469e7.jpg,1,291,125,599,415
IMG_20231004_153847_jpg.rf.4f7ba808092eb052982e419f86e39bd8.jpg,1,205,146,439,543
IMG_20231007_113250_jpg.rf.a4dd3afa29d5c2af636fc12bc0fb32cd.jpg,1,350,214,614,425
IMG_20231007_113250_jpg.rf.a4dd3afa29d5c2af636fc12bc0fb32cd.jpg,1,181,34,313,390
IMG_20230928_102642_jpg.rf.9cc1b9e4a5cfefce813254e55bcd7146.jpg,1,205,100,446,445
Mix-1-00042_png.rf.cb52170c8f380ddc1d508d964bc78cba.jpg,1,226,139,264,303
Mix-1-00042_png.rf.cb52170c8f380ddc1d508d964bc78cba.jpg,1,188,18,330,301
Mix-1-00042_png.rf.cb52170c8f380ddc1d508d964bc78cba.jpg,1,278,26,433,302
IMG_20231018_113609_jpg.rf.efadca5c95a03fb82158d7dbe994dfe2.jpg,1,163,154,513,591
VE-4-00001_png.rf.285a65145745e2f767f466e14e5fd9ad.jpg,1,233,128,298,235
IMG_20231025_111446_jpg.rf.109bb8b02de7fb073b28fb7eac403961.jpg,1,31,214,595,526
VE-1-00016_png.rf.016ba44e592124c9e7b3ec5c7c3c7bcc.jpg,1,333,74,408,229
Mix-4-00001_png.rf.1fcdeef1984d1320625389d9ad026c0a.jpg,1,123,95,366,321
Mix-4-00001_png.rf.1fcdeef1984d1320625389d9ad026c0a.jpg,1,305,53,493,205
IMG_20231106_090854_jpg.rf.8f8afe09a0c5c330d7df5f0ca58958e5.jpg,1,10,23,473,343
IMG_20231012_154806_jpg.rf.f463c54373a7749b098f14730df68fcf.jpg,1,124,116,471,578
IMG_20231004_153909_jpg.rf.85aa82c382e528af0eb5b1ebb57a80fd.jpg,1,84,145,583,513
VC-4-00001_png.rf.249981a74d1100cab4bf1de51cb4eb55.jpg,1,183,123,271,206
IMG_20231103_092336_jpg.rf.90b6998e855a60dffbace72f872eca85.jpg,1,308,174,620,638
V1-4-00010_png.rf.762f76db574b9c7adc6d0e76e54dbc3d.jpg,1,295,120,421,269
IMG_20231012_154902_jpg.rf.a7a77a9a4a02d605f74f7dd7e64090ff.jpg,1,148,135,555,538
IMG_20231019_105541_jpg.rf.3f1d8ac353b31cc4a7c4d5565d5b7c65.jpg,1,171,126,474,579
IMG_20231010_110237_jpg.rf.93fe7c002f80a06d8eb95dcbd8da17fe.jpg,1,170,61,520,568
IMG_20231106_090839_jpg.rf.4af1b1ccb6b9f727f248b3ede33904b7.jpg,1,31,49,494,524
IMG_20231010_110050_jpg.rf.42eafb3c883955e73c740f8e5c502707.jpg,1,170,58,465,516
IMG_20231005_091027_jpg.rf.7a7a2998c4894888d4e944e3c86afd12.jpg,1,155,158,491,526
IMG_20231002_143444_jpg.rf.c9a815d3698c44f05a801ba1f5e0d586.jpg,1,189,130,413,469
IMG_20231027_135545_jpg.rf.25c77b1026b7ae7252f0360102db0043.jpg,1,65,33,610,513
VE-2-00001_png.rf.9d21465b2c045c2a9157579214d80055.jpg,1,286,184,320,264
V2-2-00001_png.rf.6f2152a166e473868a502441986625bb.jpg,1,201,214,310,329
V2-2-00001_png.rf.6f2152a166e473868a502441986625bb.jpg,1,345,36,488,198
Mix-1-00041_png.rf.725e1ba842850ebf8ee528f8e0a93a13.jpg,1,229,135,266,298
Mix-1-00041_png.rf.725e1ba842850ebf8ee528f8e0a93a13.jpg,1,275,26,436,297
Mix-1-00041_png.rf.725e1ba842850ebf8ee528f8e0a93a13.jpg,1,190,15,308,291
IMG_20231009_163513_jpg.rf.f47f8bb9686fc3ed341cc97155bc5b4c.jpg,1,101,160,494,495
IMG_20231103_092226_jpg.rf.7ab90eb4ec08422e30bb041d9910074a.jpg,1,5,265,539,600
IMG_20231023_111025_jpg.rf.f83811cd31f7b62464e30e46ab6f63bf.jpg,1,159,56,443,528
V1-4-00001_png.rf.af9d76f669c6a83a2c52c654e2befb84.jpg,1,254,118,378,226
IMG_20231002_143608_jpg.rf.829e5578fe2a357124941c78854024af.jpg,1,159,159,509,515
Mix-4-00034_png.rf.69715de56d299a68c51e8e229ce843b1.jpg,1,304,166,380,301
Mix-4-00034_png.rf.69715de56d299a68c51e8e229ce843b1.jpg,1,361,63,504,248
Mix-4-00034_png.rf.69715de56d299a68c51e8e229ce843b1.jpg,1,225,28,408,244
IMG_20231018_113609_jpg.rf.0556e194891680614c6c93d09cca3c2c.jpg,1,163,154,513,591
IMG_20231106_090839_jpg.rf.d34549293a3efcff3ed157f19b267a04.jpg,1,31,49,494,524
IMG_20231004_154024_1_jpg.rf.b2101ff6951b8d8f7fdaa2e56e2bd335.jpg,1,38,101,324,480
IMG_20231004_154024_1_jpg.rf.b2101ff6951b8d8f7fdaa2e56e2bd335.jpg,1,284,140,531,584
IMG_20231004_154052_jpg.rf.88710c068bac0951291613f5198885d1.jpg,1,70,101,529,594
IMG_20231001_155845_jpg.rf.d9820d332df64eecf0fe4dd1f86394c8.jpg,1,161,44,415,358
IMG_20231001_155845_jpg.rf.d9820d332df64eecf0fe4dd1f86394c8.jpg,1,108,313,524,538
IMG_20231025_111446_jpg.rf.651f5e482540217303316167d68b242b.jpg,1,31,214,595,526
IMG_20231009_163518_jpg.rf.a132c983e902fd1927594c866eb6c686.jpg,1,129,150,469,549
IMG_20231023_111017_jpg.rf.640e006709fb3b06182e3959eafec180.jpg,1,81,35,519,533
IMG_20231016_150452_jpg.rf.d3346e5500b76e15c542a37eacca040f.jpg,1,91,146,378,441
IMG_20231003_154026_jpg.rf.59619da8fbecfcaf4b419c3e7f432ad8.jpg,1,115,88,513,495
IMG_20231002_143643_1_jpg.rf.aa8d81892d3af432c4346b5ff662c4ee.jpg,1,115,89,546,341
IMG_20231002_143643_1_jpg.rf.aa8d81892d3af432c4346b5ff662c4ee.jpg,1,230,279,514,610
IMG_20231004_153847_jpg.rf.cc9c95890909660f9b3ac90fa7cfa2ad.jpg,1,205,146,439,543
IMG_20231026_191206_jpg.rf.7de5538e91388f5e1c29373f0fbe3832.jpg,1,198,31,418,509
IMG_20231103_092505_jpg.rf.38ea59f2dba0f69e07c18728d4204d4e.jpg,1,8,21,329,454
IMG_20231103_092505_jpg.rf.38ea59f2dba0f69e07c18728d4204d4e.jpg,1,248,125,489,424
V2-4-00001_png.rf.0f44668b233fe81ebea313c6622b4faa.jpg,1,50,168,255,342
V2-4-00001_png.rf.0f44668b233fe81ebea313c6622b4faa.jpg,1,306,39,423,165
IMG_20231103_092518_jpg.rf.93355d4d54a08a90fdcd0c6e9924a283.jpg,1,154,169,514,598
IMG_20231103_092518_jpg.rf.93355d4d54a08a90fdcd0c6e9924a283.jpg,1,291,278,613,570
VE-1-00002_png.rf.f9749f4d552eb087d6bdbc70ad8b9ec1.jpg,1,285,140,366,181
IMG_20231023_111050_jpg.rf.0922cb0ce6f638093b28dae47fba72e5.jpg,1,60,111,540,525
IMG_20231001_155849_jpg.rf.767dcaa1d051346a88631c3b09508e26.jpg,1,208,190,529,599
IMG_20231001_155849_jpg.rf.767dcaa1d051346a88631c3b09508e26.jpg,1,164,100,540,250
IMG_20231103_092336_jpg.rf.1d352b5e70d3f5d06f81d813aab8c79d.jpg,1,308,174,620,638
IMG_20231008_152436_jpg.rf.7b8550544f4bd45780af26c1a04228da.jpg,1,65,76,511,555
IMG_20231019_190457_jpg.rf.8675ddcae8fb03a728808aa51d10bf74.jpg,1,29,203,404,623
IMG_20230925_101958_jpg.rf.0675d675591e8592b8b7eea0a0a275d3.jpg,1,233,238,403,424
V1-3-00002_png.rf.b1c65a58a35f2084be5c772592d81fea.jpg,1,269,159,385,288
V2-1-00002_png.rf.09601d6fdf4cd85f913a5f99b3be33e7.jpg,1,121,64,296,174
V2-1-00002_png.rf.09601d6fdf4cd85f913a5f99b3be33e7.jpg,1,321,195,415,292
V1-4-00055_png.rf.9b4715969accf84d897b07b93ccd4fb5.jpg,1,274,58,349,293
IMG_20231012_154907_jpg.rf.9ac2fcf2c3ee98f7fc42248c8e8c50a6.jpg,1,206,98,490,593
IMG_20231003_153204_jpg.rf.d53fbaefabbfe147b43c73d72faa6ab1.jpg,1,113,175,524,543
IMG_20231003_152526_1_jpg.rf.3a009c49586b3418a72a4ee809e4508e.jpg,1,86,125,548,546
V1-4-00011_png.rf.c1cd0e1d74e6c67e9f86d5a5ee463ce4.jpg,1,296,114,423,280
IMG_20231023_111101_jpg.rf.1b53c00efaf32c7ca1dd493e593d362a.jpg,1,201,99,444,551
IMG_20231103_092223_jpg.rf.4e08e9d832837bbe30ef8f495e39d54e.jpg,1,25,71,535,444
IMG_20231023_111101_jpg.rf.1c973f479256b3ec6d8e16f52b7d94d8.jpg,1,201,99,444,551
IMG_20231001_155625_jpg.rf.b1e7c347c35b37c7b4a544563625090a.jpg,1,165,116,500,515
IMG_20231012_154816_jpg.rf.c4b3918e3d21b378f30d4cbbe2dc7a8e.jpg,1,213,108,506,480
IMG_20231016_150405_1_jpg.rf.e91ba6033be62de03e18571eac3a9307.jpg,1,156,225,428,556
V1-3-00016_png.rf.acb3e9c9b8410d6975e7ca2cddcdde23.jpg,1,338,51,443,238
VC-3-00016_png.rf.abdbc749f4e9eac4e5c7c21c8e018311.jpg,1,196,156,304,292
IMG_20231007_113342_jpg.rf.e72b7dda02a1a73429d253e4980414fd.jpg,1,208,156,426,351
IMG_20231007_113342_jpg.rf.e72b7dda02a1a73429d253e4980414fd.jpg,1,390,304,516,558
V1-2-00011_png.rf.8f5ddfdfeb1bbab021ea4c71db668702.jpg,1,343,120,474,315
IMG_20231004_153905_jpg.rf.06392fc99e456b8b4967105f74b9c386.jpg,1,89,183,589,521
IMG_20231026_191229_jpg.rf.4d8dd44c5d8fcf6720278219e8ffb5fb.jpg,1,155,220,608,483
V2-4-00001_png.rf.fc3beda9d887d98b35645540d52f7f76.jpg,1,50,168,255,342
V2-4-00001_png.rf.fc3beda9d887d98b35645540d52f7f76.jpg,1,306,39,423,165
VC-1-00001_png.rf.370a42812ab1ee3891e30f7b971f0dc7.jpg,1,256,133,325,205
IMG_20231001_155426_jpg.rf.95e56ba50985837046d7d038f0ae5588.jpg,1,128,168,498,548
V2-3-00034_png.rf.750533e5b666320a096ecd0f88ec7639.jpg,1,240,33,329,171
V2-3-00034_png.rf.750533e5b666320a096ecd0f88ec7639.jpg,1,319,113,573,292
Mix-3-00027_png.rf.8306c17a049dec8f2d4e1c5d8f887e0a.jpg,1,323,143,345,229
Mix-3-00027_png.rf.8306c17a049dec8f2d4e1c5d8f887e0a.jpg,1,205,58,306,224
Mix-3-00027_png.rf.8306c17a049dec8f2d4e1c5d8f887e0a.jpg,1,249,8,396,226
IMG_20231106_090903_jpg.rf.e881b26a7d7965eb8ed6c0394bc5683d.jpg,1,243,311,636,621
IMG_20231023_111050_jpg.rf.7c0a9ab9626c3cf113cb75bf3df0d5d3.jpg,1,60,111,540,525
IMG_20231004_153836_jpg.rf.021537e7f72b3b94371ccd72a0450f76.jpg,1,131,83,498,549
IMG_20231008_152610_jpg.rf.7d0e151bd32a6df4235b100153d8f715.jpg,1,190,146,454,566
IMG_20231016_150556_jpg.rf.d2d4298f7e37b2d36c1434166dba35a4.jpg,1,350,139,571,474
IMG_20231025_111528_jpg.rf.cccb3439478fe9493c0cbcba15e66467.jpg,1,19,141,530,466
IMG_20230928_102719_jpg.rf.a058277281bd015aaa05ef38430611f8.jpg,1,236,258,453,413
IMG_20231003_153016_jpg.rf.0db0d0e2bd9cacc3c7772215aae2f024.jpg,1,81,43,495,526
Mix-2-00001_png.rf.8ee88bafd45d0f3715a52891b256919b.jpg,1,73,149,294,315
Mix-2-00001_png.rf.8ee88bafd45d0f3715a52891b256919b.jpg,1,214,23,459,254
IMG_20231007_113342_jpg.rf.ed63b6dbf4c06191c9e66aafe25b943f.jpg,1,208,156,426,351
IMG_20231007_113342_jpg.rf.ed63b6dbf4c06191c9e66aafe25b943f.jpg,1,390,304,516,558
IMG_20231018_113630_jpg.rf.67860a3a5186ef43a96b4e000317d4f1.jpg,1,20,100,591,456
IMG_20231023_111127_jpg.rf.e9800ba9ef11b6f0818c81c561b78748.jpg,1,38,190,598,530
IMG_20231012_154934_jpg.rf.9cdd6e84f7dcd9a6900e322780d18caf.jpg,1,128,196,528,529
IMG_20231012_155154_jpg.rf.178c3a8e98d3615a079de536bb62927c.jpg,1,156,159,484,528
IMG_20231106_090515_jpg.rf.0071cb28d28420607d6a4cef0a130de9.jpg,1,219,353,628,636
IMG_20231003_153016_jpg.rf.b9c820e3fb320912f4fafdec04d7038a.jpg,1,81,43,495,526
IMG_20231004_153713_jpg.rf.caeec82bebdea7ace9a39bb408dcf951.jpg,1,101,140,476,524
VE-4-00001_png.rf.05db40134c3f6259e0d0cf186a11237d.jpg,1,233,128,298,235
IMG_20230927_155204_jpg.rf.5f0f2c00db27451ca03db0425a8f8ebf.jpg,1,228,85,409,386
IMG_20231007_113342_jpg.rf.a56a186cc56016e0da5e491d359beeda.jpg,1,208,156,426,351
IMG_20231007_113342_jpg.rf.a56a186cc56016e0da5e491d359beeda.jpg,1,390,304,516,558
IMG_20231026_191158_jpg.rf.ab7d7d9bec22e8bce38c340a425dc8b8.jpg,1,168,85,436,546
IMG_20231106_091538_jpg.rf.6cc1f8da7cd36c9a962401b9a04cab47.jpg,1,60,203,413,548
IMG_20231106_091538_jpg.rf.6cc1f8da7cd36c9a962401b9a04cab47.jpg,1,311,288,551,560
IMG_20231005_091027_jpg.rf.7bbff0e074335855a9154c6970f34e15.jpg,1,155,158,491,526
IMG_20231016_150520_jpg.rf.9d40c7c3546359507be3772d258ce981.jpg,1,175,255,291,303
IMG_20231016_150520_jpg.rf.9d40c7c3546359507be3772d258ce981.jpg,1,179,111,283,191
IMG_20231016_150520_jpg.rf.9d40c7c3546359507be3772d258ce981.jpg,1,245,73,471,580
IMG_20231012_154937_jpg.rf.4bca32aecfdc8fd3da2fb8f07636a3a2.jpg,1,151,153,524,573
VC-1-00017_png.rf.6d1fc60e98aa01db8a7f0e3db3955135.jpg,1,289,69,354,246
IMG_20231030_111701_jpg.rf.8648e3e9860ac3701adc0dda9086e83d.jpg,1,145,114,530,468
IMG_20231106_090705_jpg.rf.f18f56143d11994150a611bf25ac9c67.jpg,1,38,38,373,513
IMG_20230927_155141_jpg.rf.e704de90a40fd6d995c8b07ad54c6861.jpg,1,221,93,411,476
IMG_20231004_153909_jpg.rf.5a017ee3871abfdab39a51a177c328c4.jpg,1,84,145,583,513
IMG_20231103_092324_jpg.rf.93c29a7b13eb33a8117f8bcffb36bbbe.jpg,1,259,65,585,514
IMG_20231001_155849_jpg.rf.5e9a57060ae1b742993b91801b57068b.jpg,1,208,190,529,599
IMG_20231001_155849_jpg.rf.5e9a57060ae1b742993b91801b57068b.jpg,1,164,100,540,250
V2-1-00039_png.rf.5d9be4998d582e68aa4772f057d727e0.jpg,1,177,111,303,316
V2-1-00039_png.rf.5d9be4998d582e68aa4772f057d727e0.jpg,1,324,71,434,336
IMG_20231012_154907_jpg.rf.fade800dfeb90115e0b4f93d465f541e.jpg,1,206,98,490,593
IMG_20231026_191303_jpg.rf.888523262241ef02fb127fc51b4f5f5e.jpg,1,83,211,563,484
IMG_20231012_155050_jpg.rf.4e87e0c49d53ed36dc83e64cd7eb9d71.jpg,1,210,38,530,575
IMG_20231010_110043_jpg.rf.5491e538f1cd5bbe74b4340241197f95.jpg,1,106,146,509,551
V2-3-00001_png.rf.fe4504635e4e022e71f8e6839b436f08.jpg,1,183,25,294,132
V2-3-00001_png.rf.fe4504635e4e022e71f8e6839b436f08.jpg,1,288,193,438,347
IMG_20231001_155630_1_jpg.rf.4cf369ca272da179bfabe9bb2d936b7c.jpg,1,80,288,439,598
IMG_20231001_155630_1_jpg.rf.4cf369ca272da179bfabe9bb2d936b7c.jpg,1,134,93,578,364
V1-3-00001_png.rf.613a8021d43e45742e7b5fce3dbc6578.jpg,1,266,163,384,293
IMG_20230925_101846_jpg.rf.5d9f55a9ad4c1d5c2a2044d48d45cd75.jpg,1,234,254,393,431
V2-2-00028_png.rf.9b37454d7cf1149d169b1a51f55424a7.jpg,1,320,55,461,264
V2-2-00028_png.rf.9b37454d7cf1149d169b1a51f55424a7.jpg,1,189,105,325,269
V1-4-00056_png.rf.11314c3e80d73060fd5f41dc7a26febc.jpg,1,270,50,345,287
IMG_20231030_111651_jpg.rf.c9638fd2e6e44cb74be21ef17c7d47a1.jpg,1,23,34,598,484
IMG_20231103_092345_jpg.rf.4633a2e3058118e95071004df1055e46.jpg,1,156,36,479,601
IMG_20230927_155755_jpg.rf.bc62cc1db538f221cd286c5b5d914bc5.jpg,1,134,96,440,400
IMG_20231007_113157_jpg.rf.a800963cca2ad3067baa00f236679a8f.jpg,1,236,150,395,456
Mix-3-00026_png.rf.2052d160269376541c6beee33944200b.jpg,1,220,54,313,234
Mix-3-00026_png.rf.2052d160269376541c6beee33944200b.jpg,1,331,163,350,222
Mix-3-00026_png.rf.2052d160269376541c6beee33944200b.jpg,1,280,29,400,216
Mix-4-00034_png.rf.15b222744ad7fed6ec8fb8bffec77fa1.jpg,1,304,166,380,301
Mix-4-00034_png.rf.15b222744ad7fed6ec8fb8bffec77fa1.jpg,1,361,63,504,248
Mix-4-00034_png.rf.15b222744ad7fed6ec8fb8bffec77fa1.jpg,1,225,28,408,244
IMG_20231103_092349_jpg.rf.20ce7e834bedb7b0660a7b674e4e15cf.jpg,1,104,255,293,435
IMG_20231103_092349_jpg.rf.20ce7e834bedb7b0660a7b674e4e15cf.jpg,1,190,144,543,528
Mix-3-00027_png.rf.c13463d5e4e4d3ade3743611dfdc201b.jpg,1,323,143,345,229
Mix-3-00027_png.rf.c13463d5e4e4d3ade3743611dfdc201b.jpg,1,205,58,306,224
Mix-3-00027_png.rf.c13463d5e4e4d3ade3743611dfdc201b.jpg,1,249,8,396,226
IMG_20231004_153905_jpg.rf.1ff7f1b8fab18d4197429742bee8bc04.jpg,1,89,183,589,521
IMG_20230927_155327_jpg.rf.30262523fb38eece79ea05be85fdb337.jpg,1,169,131,386,440
IMG_20231004_154126_1_jpg.rf.9641624cbfc6b71573a513b406b96a8e.jpg,1,175,111,560,459
IMG_20231004_154024_1_jpg.rf.88ac31995a976b7a39d0c73864160e94.jpg,1,38,101,324,480
IMG_20231004_154024_1_jpg.rf.88ac31995a976b7a39d0c73864160e94.jpg,1,284,140,531,584
IMG_20231106_090422_jpg.rf.30378419e2beb70c01e875704483ac3d.jpg,1,200,60,425,524
IMG_20231106_090459_jpg.rf.c01eb0967fa20635677a616769bcae98.jpg,1,183,100,468,578
VC-4-00001_png.rf.fb5343626a251f511b8ad5e21f707fe9.jpg,1,183,123,271,206
IMG_20231027_135552_jpg.rf.31289f24d7df7bf340a2b03b1cc6d1cb.jpg,1,103,40,511,640
IMG_20231026_191506_jpg.rf.147542373dd357d32f6b0876f803ec8b.jpg,1,218,78,368,445
IMG_20231026_191506_jpg.rf.147542373dd357d32f6b0876f803ec8b.jpg,1,329,258,623,493
VC-4-00001_png.rf.72bb78b6e519427d03f54309c891a536.jpg,1,183,123,271,206
IMG_20231009_163518_jpg.rf.7625be35e8f72ca1dcc7f6cc08680e5d.jpg,1,129,150,469,549
IMG_20231026_191510_jpg.rf.4878567416c42df9cc9ca3385c97273d.jpg,1,233,75,375,461
IMG_20231026_191510_jpg.rf.4878567416c42df9cc9ca3385c97273d.jpg,1,318,178,619,450
IMG_20231019_105541_jpg.rf.994c77527779a1895616a901a3090a32.jpg,1,171,126,474,579
IMG_20231008_152610_jpg.rf.6271b129fd6121816ee3d67fb5039183.jpg,1,190,146,454,566
IMG_20231004_154052_jpg.rf.556d06e0a59f746561315051c891804b.jpg,1,70,101,529,594
V2-1-00018_png.rf.732d977a68d986f19f034cdcbd267a9f.jpg,1,181,49,319,222
V2-1-00018_png.rf.732d977a68d986f19f034cdcbd267a9f.jpg,1,346,163,450,286
IMG_20231018_113837_jpg.rf.0eca22e79dbf581bba779f268177a9f0.jpg,1,64,145,493,531
IMG_20231025_111656_jpg.rf.e60a87b219f336c5727dddb859cf77aa.jpg,1,160,121,496,490
IMG_20231026_191327_jpg.rf.9cc832a5a25336830e727d5018024fe7.jpg,1,153,55,523,519
IMG_20231008_152600_jpg.rf.11527e9f07b9a3399f2a4fcd31b1a85d.jpg,1,95,125,521,540
IMG_20231027_135626_jpg.rf.3fba9014bc05e9a77324c4d44d2b1fb1.jpg,1,176,108,478,618
IMG_20230925_101846_jpg.rf.3b130187269e72c4039c17a4619964a5.jpg,1,234,254,393,431
IMG_20231016_150510_jpg.rf.6a346977b8eb45cae3e82c18a6792041.jpg,1,215,59,450,494
VE-4-00015_png.rf.d037f7ce0b81421649f1519506c5928e.jpg,1,208,0,245,169
IMG_20231012_155053_jpg.rf.2ffdccc4d1fb9114686a6d83a0d2ba8b.jpg,1,76,170,636,503
IMG_20231005_091040_jpg.rf.a9f2bb1c0434ba722fd47ba923af7be7.jpg,1,173,153,534,509
IMG_20231002_143325_jpg.rf.7f30fb1cee8b2e96fc5a9be2f1c767ab.jpg,1,186,98,484,561
IMG_20231003_154031_jpg.rf.627027aa555f03089579932b0f59592f.jpg,1,145,105,548,554
IMG_20230928_102636_jpg.rf.938d258c4bcadd2e0972fe043aacf095.jpg,1,229,154,455,499
IMG_20231103_092401_jpg.rf.ca3178dda1090488aa916b1b5d3457f2.jpg,1,0,50,525,401
IMG_20231027_135545_jpg.rf.51bc4c016b1cc7087c68718ba4488690.jpg,1,65,33,610,513
IMG_20231002_143608_jpg.rf.44f19080a742b724b135913e766566a7.jpg,1,159,159,509,515
IMG_20230928_102615_jpg.rf.133d4c98bfe749fb906f20d72f8f60f7.jpg,1,76,149,526,475
IMG_20231103_092357_jpg.rf.28bf896d3e13f19499f7e498577bcb0d.jpg,1,166,0,629,378
VE-1-00016_png.rf.94e07bcf33efe38ca33bbf6f0f54ff29.jpg,1,333,74,408,229
IMG_20231002_143632_jpg.rf.7eaee14f7bf95f3cea78c4111bc479a3.jpg,1,56,226,315,584
IMG_20231002_143632_jpg.rf.7eaee14f7bf95f3cea78c4111bc479a3.jpg,1,319,223,611,554
IMG_20231010_110019_jpg.rf.cee27f8c5b79092c75d9161b9e8d21e8.jpg,1,153,201,483,545
IMG_20231012_154821_jpg.rf.f9b1bf7d651bd89815472befa304ad9e.jpg,1,171,90,444,479
IMG_20231023_111139_jpg.rf.3d9852800e7094c33253aa886a9f0d85.jpg,1,198,69,455,613
IMG_20231004_154126_1_jpg.rf.d1f2411d2d13d5808dde723f1dfff40c.jpg,1,175,111,560,459
IMG_20231004_154115_1_jpg.rf.02b519dd709141476511b7dcf6b6b507.jpg,1,185,110,506,559
IMG_20231010_110214_1_jpg.rf.c2fdd6ebdc37a80cc56002c72cbdbf97.jpg,1,28,119,544,526
IMG_20231005_091118_jpg.rf.cd8742b39115e1b09b3a4c1eaf5c444a.jpg,1,173,143,533,515
IMG_20231027_140549_jpg.rf.a517d34afd32369d6dfc76dcf44e5d9a.jpg,1,163,74,448,590
IMG_20231103_092324_jpg.rf.62dcf250d94d7969585a36ba2f3629f4.jpg,1,259,65,585,514
IMG_20230925_101832_jpg.rf.b76d640e1704091f3ab56ae15f0b9598.jpg,1,216,274,408,390
IMG_20231002_143632_jpg.rf.18d0c97d39c3776a27f6b733f76a255d.jpg,1,56,226,315,584
IMG_20231002_143632_jpg.rf.18d0c97d39c3776a27f6b733f76a255d.jpg,1,319,223,611,554
IMG_20231023_111025_jpg.rf.2ca89173ff365e9363347e5731e170fa.jpg,1,159,56,443,528
IMG_20230928_103301_jpg.rf.fe65ad38593a3e15da1bc003457e54ca.jpg,1,148,155,463,453
IMG_20231005_090958_jpg.rf.f86a4f8fdbc681ba93868a80710ae44c.jpg,1,31,205,349,591
IMG_20231005_090958_jpg.rf.f86a4f8fdbc681ba93868a80710ae44c.jpg,1,234,163,539,538
IMG_20231106_091544_jpg.rf.7c4d13b3086132d4bdbdf54f0218b61c.jpg,1,306,248,559,576
IMG_20231106_091544_jpg.rf.7c4d13b3086132d4bdbdf54f0218b61c.jpg,1,36,164,359,510
Mix-3-00036_png.rf.dcf7e8388a74920ed410359fe7277126.jpg,1,305,128,350,270
Mix-3-00036_png.rf.dcf7e8388a74920ed410359fe7277126.jpg,1,240,24,388,261
Mix-3-00036_png.rf.dcf7e8388a74920ed410359fe7277126.jpg,1,194,58,293,246
VC-4-00033_png.rf.89a01f897e6f450b64b7538b0a1f603f.jpg,1,266,111,301,279
V1-2-00039_png.rf.2fac1a90ba2d297fd1c48bb1e23717ed.jpg,1,301,16,381,293
IMG_20231012_155150_jpg.rf.9790aafd5d07b580c2741dfe41ea9e32.jpg,1,140,185,494,540
IMG_20231011_112246_jpg.rf.5589e8f1cf432669134b57896332129c.jpg,1,165,71,488,569
IMG_20230926_145836_jpg.rf.b1f89e9d97427fd725866c8bd9f545b7.jpg,1,235,109,465,544
IMG_20231008_152543_jpg.rf.00b321fd05b939bf2c7e500b76214e76.jpg,1,109,156,514,559
IMG_20231001_155442_jpg.rf.cae83c1ea1d47d67d707e60d23ff9481.jpg,1,79,99,510,483
IMG_20231001_155750_jpg.rf.c00d2147cb7a12a5690586dacbe25527.jpg,1,303,146,574,488
IMG_20231001_155750_jpg.rf.c00d2147cb7a12a5690586dacbe25527.jpg,1,128,130,386,464
IMG_20231016_150459_jpg.rf.f69a888938f555598833e116690013e1.jpg,1,366,224,605,509
IMG_20231002_143435_jpg.rf.cde0da5cd8ab37c71242e3f3c804a198.jpg,1,204,101,448,583
IMG_20230928_102626_jpg.rf.69430c9db3f9bc423a3ddc4da292b6b8.jpg,1,186,141,448,453
IMG_20231003_153200_jpg.rf.fe078374fdda38844e26deb6c1be7a8d.jpg,1,133,116,516,525
IMG_20231025_111446_jpg.rf.33a170be8d3505704c387691b5126741.jpg,1,31,214,595,526
V1-3-00016_png.rf.9f77ce23bdb0cb1d435ab5ecf5d63c66.jpg,1,338,51,443,238
IMG_20231027_135659_jpg.rf.7a879f1733fd8c024be74cf69e37f11c.jpg,1,95,166,581,439
IMG_20231001_155907_jpg.rf.f46d1a61a377529000c8a5a136d5c4e8.jpg,1,61,58,350,430
IMG_20231001_155907_jpg.rf.f46d1a61a377529000c8a5a136d5c4e8.jpg,1,320,140,574,550
V2-3-00001_png.rf.96fb01a265557450841991eaceffc9df.jpg,1,183,25,294,132
V2-3-00001_png.rf.96fb01a265557450841991eaceffc9df.jpg,1,288,193,438,347

IMG_20231004_153654_jpg.rf.4aee2554c76cb9120ebfd637832c1041.jpg,1,174,174,474,575
IMG_20231012_154816_jpg.rf.25785457cab84c69c8ac072fde9e3059.jpg,1,213,108,506,480
IMG_20231003_153209_jpg.rf.df59e88fc732acb2440404a768a1ca9f.jpg,1,58,49,504,620
Mix-2-00001_png.rf.ee9d263a0ebfe81863b5bc0782d1658f.jpg,1,73,149,294,315
Mix-2-00001_png.rf.ee9d263a0ebfe81863b5bc0782d1658f.jpg,1,214,23,459,254
IMG_20231004_154007_jpg.rf.95a1ed0bb5af7e50b44a90ed46971a72.jpg,1,68,104,320,539
IMG_20231004_154007_jpg.rf.95a1ed0bb5af7e50b44a90ed46971a72.jpg,1,304,56,568,530
IMG_20230927_155758_jpg.rf.ea22d325e627506cb0b4787cdb6faeb2.jpg,1,175,108,444,451
IMG_20231026_191510_jpg.rf.24a24773cb3f34ff37276d62679c851f.jpg,1,233,75,375,461
IMG_20231026_191510_jpg.rf.24a24773cb3f34ff37276d62679c851f.jpg,1,318,178,619,450
IMG_20231106_090529_jpg.rf.e18146a7d9dd781fd1fa70147c92ef64.jpg,1,183,109,456,551
IMG_20230926_150333_jpg.rf.6d77802b6bc25a19ef2db9075010f204.jpg,1,214,230,394,423
IMG_20231018_113827_jpg.rf.e9821a9e8502641587331a7896502be6.jpg,1,132,80,507,507
IMG_20231011_112250_jpg.rf.66800a019a4726869ad2fd25e4689b42.jpg,1,169,169,478,521
IMG_20231018_113557_jpg.rf.ad55ef6184b9ba879c64833139b06bf8.jpg,1,158,44,509,606
IMG_20231019_105630_jpg.rf.eea9f21fb9cbf1db3059177285cba4b1.jpg,1,63,229,525,486
V2-2-00028_png.rf.91b3aab18003796e3e3704b6a0ed0193.jpg,1,320,55,461,264
V2-2-00028_png.rf.91b3aab18003796e3e3704b6a0ed0193.jpg,1,189,105,325,269
IMG_20231003_153043_jpg.rf.b5543ff7089018cfa7e6b88e484d2a7a.jpg,1,121,40,566,595
IMG_20231106_090540_jpg.rf.02407c900910186752ca722c9e3f7275.jpg,1,255,41,614,456
IMG_20230927_155000_jpg.rf.ef3fc6661ee4dbfd2101d22a6c7b5eec.jpg,1,209,253,463,430
IMG_20231003_153232_jpg.rf.e01c3bfc7ff6d2b621df0e9013516c8b.jpg,1,53,174,488,538
IMG_20231003_154108_jpg.rf.bb52dc3a1633a0cde9a3a878f6d11a0d.jpg,1,91,105,634,509
IMG_20231002_143617_jpg.rf.068f8f18b3d620075d195d10f2a059ec.jpg,1,121,134,459,538
IMG_20231009_163501_jpg.rf.1b3f41f375bb5b4b02597722cfb90786.jpg,1,154,101,474,504
IMG_20231002_143438_jpg.rf.f70bc65dfe9fb6d4faf11cd20428b0b8.jpg,1,231,171,438,530
IMG_20230927_155811_jpg.rf.ec97837a59ea0c0ae343fdf580d4148e.jpg,1,183,80,464,495
IMG_20230926_150304_jpg.rf.ecc45724fb799a63f0d58a26d8fb9b81.jpg,1,250,196,405,481
IMG_20231106_090459_jpg.rf.cedfb3eed4c623731368336a60d6dbac.jpg,1,183,100,468,578
IMG_20231025_111656_jpg.rf.58795100f87acfb3d4f51fe705a7568a.jpg,1,160,121,496,490
IMG_20231106_090427_jpg.rf.f70071b329037fd1f3117e244846d778.jpg,1,435,46,438,49
IMG_20231106_090427_jpg.rf.f70071b329037fd1f3117e244846d778.jpg,1,290,5,591,469
VC-2-00037_png.rf.e4de3f244f70d251066f018ce6e3535b.jpg,1,311,105,355,314
IMG_20231008_152447_jpg.rf.9c47f0375504ce6a8f822c876314f7eb.jpg,1,133,113,530,543
IMG_20231012_155103_jpg.rf.706006da7104e76142b7af12bd4ad1a4.jpg,1,155,141,471,473
IMG_20230927_155803_jpg.rf.99042e046b73bddd0a902f888d45cfcf.jpg,1,141,126,449,400
IMG_20231004_154150_jpg.rf.8b83c18e6678c89ea619c8c7d8c9a31a.jpg,1,180,123,440,478
IMG_20230926_145908_jpg.rf.cc68232143d724f815278693db20e7f2.jpg,1,194,123,403,506
IMG_20231010_110105_jpg.rf.891797d3282e4b01886a9c027022165c.jpg,1,171,104,516,531
IMG_20231012_155100_jpg.rf.d47a4efc75c62d81c2913e8d34004c43.jpg,1,156,74,473,586
IMG_20231018_113847_jpg.rf.34fb43d4b7da51201331c8e6e7f284a4.jpg,1,173,153,520,445
Mix-2-00043_png.rf.d64e7aba2d0f0e2bcf2c05af3758efec.jpg,1,263,125,308,274
Mix-2-00043_png.rf.d64e7aba2d0f0e2bcf2c05af3758efec.jpg,1,63,16,303,297
Mix-2-00043_png.rf.d64e7aba2d0f0e2bcf2c05af3758efec.jpg,1,278,30,399,293
IMG_20231003_153034_1_jpg.rf.c6feb4124c360f79df55852bce7cece8.jpg,1,114,78,590,479
IMG_20230926_145653_jpg.rf.8e4275ca7b549b18c03cb20ec2f108aa.jpg,1,209,190,449,431
IMG_20231027_140549_jpg.rf.efcca5264f1f3808c5fd485d750e0559.jpg,1,163,74,448,590
IMG_20231012_154824_jpg.rf.344034487d74673ea46c78af9d3ffb6b.jpg,1,180,110,430,543
IMG_20231010_110013_jpg.rf.085271605969ce50fd4908f4432c185c.jpg,1,145,130,525,579
IMG_20231010_110047_jpg.rf.0632b06f8922329f199cc5646dd73790.jpg,1,130,61,485,558
IMG_20231023_111033_jpg.rf.a6cdedca2ef88e5f7247a7f1ac859822.jpg,1,128,39,444,560
IMG_20231026_191323_jpg.rf.babfae45d7f9ebcc68b2d957e6dc7d47.jpg,1,140,176,520,499
IMG_20231003_154031_jpg.rf.d7eb224d3b2bdd3c1a2db1557d2f9579.jpg,1,145,105,548,554
IMG_20231019_105523_jpg.rf.e103f4638958a2fedbcf6e063cc70406.jpg,1,34,150,609,443
IMG_20231009_163446_jpg.rf.48c1236a0662b05bcaf8dc80804df7f3.jpg,1,138,126,533,518
IMG_20230927_154846_jpg.rf.d3133c6b9859bfe87648121a536f46a3.jpg,1,301,229,424,385
IMG_20231019_105518_jpg.rf.37b3895fdd5e10d690a409f7145c479b.jpg,1,120,104,475,548
IMG_20231003_153255_jpg.rf.e14939662ac86a95122e51c1ceecee47.jpg,1,118,138,489,560
IMG_20231019_105541_jpg.rf.0890f5787f1dd92eac5052aeeead9a01.jpg,1,171,126,474,579
IMG_20231103_092239_jpg.rf.08396baa4148c08247d7297f2929de14.jpg,1,60,133,618,446
IMG_20230926_145814_jpg.rf.9508996821f43e3f07a0368506779f88.jpg,1,231,138,421,529
IMG_20231018_113546_jpg.rf.b727e88ba255bdb31b8ae27a55666de7.jpg,1,46,175,596,534
IMG_20231106_090512_jpg.rf.74e4405fb775b3bde256b8b093848961.jpg,1,49,320,419,610
V1-1-00046_png.rf.4a91f2b1f596d51b0cc1209438df3489.jpg,1,329,11,374,312
IMG_20231003_153651_jpg.rf.bf941548bf3f88a9c429464c3ab5f7da.jpg,1,130,216,301,555
IMG_20231003_153651_jpg.rf.bf941548bf3f88a9c429464c3ab5f7da.jpg,1,286,189,495,435
IMG_20230927_155711_jpg.rf.98c8401fe4e524d2435fd623da8dd170.jpg,1,51,199,316,548
IMG_20230927_155711_jpg.rf.98c8401fe4e524d2435fd623da8dd170.jpg,1,323,118,518,486
IMG_20231020_153607_jpg.rf.4a2ff6e5e0c216b349154c97457a4a50.jpg,1,49,144,600,475
IMG_20231004_153840_jpg.rf.f11c4ed700c84e5a26901f42eb95f47d.jpg,1,149,166,465,501
IMG_20231019_105514_jpg.rf.20a03d03e7b768790d53a11779ff11f4.jpg,1,151,63,484,486
IMG_20231003_154112_jpg.rf.42832e114e9793f9937b44a25f4922c3.jpg,1,94,188,526,484
V2-3-00001_png.rf.1e2b8e5a78993b964b3ca60d44f3b7c2.jpg,1,183,25,294,132
V2-3-00001_png.rf.1e2b8e5a78993b964b3ca60d44f3b7c2.jpg,1,288,193,438,347
IMG_20231103_092244_jpg.rf.bfeb09c688004d321788c549763043d5.jpg,1,150,105,534,540
IMG_20231010_110013_jpg.rf.cbfa97b3a4b2b5f036a2bb56ccaad46d.jpg,1,145,130,525,579
IMG_20231103_092217_jpg.rf.da370d888d935d0217c666db3661bad9.jpg,1,184,109,454,561
IMG_20231106_090512_jpg.rf.c17fc76b6ff05ca652ce150c1feaa258.jpg,1,49,320,419,610
IMG_20231008_153100_jpg.rf.d0f3ab843ebcc3c202bd697341a07cd9.jpg,1,84,154,504,595
IMG_20231001_155845_jpg.rf.802bf1ee27c053325d98e24ab5fd75e0.jpg,1,161,44,415,358
IMG_20231001_155845_jpg.rf.802bf1ee27c053325d98e24ab5fd75e0.jpg,1,108,313,524,538
IMG_20231003_154124_1_jpg.rf.9164aba8fefab0d56703f456750b4dd2.jpg,1,86,118,544,456
IMG_20231009_163539_jpg.rf.bd2bd68d212eeea3175cad272f78cfe2.jpg,1,83,130,496,576
IMG_20231010_110019_jpg.rf.61280eeb2e6cceaf61d8205214bfefca.jpg,1,153,201,483,545
IMG_20231026_191311_jpg.rf.03520a2f23125775e54c144e05e90641.jpg,1,231,66,409,534
IMG_20231025_111633_jpg.rf.dc39fe62513ebcd1edb2cbd91a0f7d84.jpg,1,169,93,458,526
IMG_20231106_090430_jpg.rf.b18499e9abd63cb2533dadd8ea8666e8.jpg,1,89,28,381,480
IMG_20231030_111646_jpg.rf.ba0f602fc7771450cb4e3e17e070c7ee.jpg,1,64,116,545,468
IMG_20230927_155000_jpg.rf.069af41b25abfedc78f45ae4db695e8f.jpg,1,209,253,463,430
IMG_20231003_153232_jpg.rf.ad06ae9c13799b0558de56b4ee7105e0.jpg,1,53,174,488,538
IMG_20231106_091538_jpg.rf.21ca52ec930a7e8b6ec9467ace424839.jpg,1,60,203,413,548
IMG_20231106_091538_jpg.rf.21ca52ec930a7e8b6ec9467ace424839.jpg,1,311,288,551,560
IMG_20231103_092349_jpg.rf.37ddace71460730a0309f3007e9cd9a3.jpg,1,104,255,293,435
IMG_20231103_092349_jpg.rf.37ddace71460730a0309f3007e9cd9a3.jpg,1,190,144,543,528
IMG_20231005_091010_jpg.rf.f8f9318df9a4118c5c35ee4357f3d568.jpg,1,29,100,338,433
IMG_20231005_091010_jpg.rf.f8f9318df9a4118c5c35ee4357f3d568.jpg,1,288,141,600,473
IMG_20231027_135608_jpg.rf.ccddb502d6c25ba6d1cf43368f7fb0ee.jpg,1,51,138,533,470
IMG_20231027_135810_jpg.rf.3293440f7ebd8009f5f299b68241fdff.jpg,1,165,48,565,526
V1-4-00002_png.rf.347f28e79a7d68fe33c2108d43f9d05d.jpg,1,259,119,380,225
IMG_20231030_111800_jpg.rf.92e52f0176a467b5db3be0a1ad16e747.jpg,1,31,123,538,479
IMG_20231003_154116_jpg.rf.6881b726e86c8a16e46bb18add51cae3.jpg,1,121,116,498,531
IMG_20231027_135555_jpg.rf.a001b8eb0ea6239d1385912b7792bd9b.jpg,1,113,65,483,528
IMG_20230927_155755_jpg.rf.7f3e10039aa702378f40b4e2d98eb057.jpg,1,134,96,440,400
IMG_20231005_091032_jpg.rf.0d1893dafe54d8b4e806800dd29da114.jpg,1,156,193,461,566
IMG_20230926_150333_jpg.rf.7d83ecc602a4d0d2ba85eb55998210ed.jpg,1,214,230,394,423
VE-3-00044_png.rf.50a15bf6ab3a54cd02df51ae4cf8d9c1.jpg,1,259,110,295,247
IMG_20231106_090732_jpg.rf.7e9c1b8e908de8048463cd85b365da5a.jpg,1,155,64,483,534
IMG_20231106_090653_jpg.rf.e52bdade0b48145e865d014abf420112.jpg,1,194,125,451,546
IMG_20231002_143612_jpg.rf.c27546fa002a1ec3c13d77dd033a1dc3.jpg,1,155,216,470,496
IMG_20231027_135746_jpg.rf.e3cd6203820e2d66c705befa99ebb723.jpg,1,70,63,540,494
IMG_20230925_101938_jpg.rf.411ff1b3241c117ca2106642cdab13e4.jpg,1,234,276,431,374
IMG_20231106_090649_jpg.rf.02c59febb7e8f8ad39989634489a1139.jpg,1,38,116,574,479
IMG_20231002_143608_jpg.rf.640dba162eb4101e13fb71c95d027708.jpg,1,159,159,509,515
IMG_20231027_135626_jpg.rf.bd3bc28f291edee7381b8d6168ead96e.jpg,1,176,108,478,618
IMG_20231004_154056_1_jpg.rf.8c8cfa6ecc191e41c64a7b4a5369c73c.jpg,1,100,144,485,474
V2-2-00027_png.rf.1cd533079124c00f2ba3972928dd0060.jpg,1,189,90,326,253
V2-2-00027_png.rf.1cd533079124c00f2ba3972928dd0060.jpg,1,321,31,466,244
IMG_20231018_113824_jpg.rf.178981b95c15a9abd030fa9a48710350.jpg,1,126,36,529,571
IMG_20231004_154052_jpg.rf.ea1833f73f69a35695c46613b0d749cf.jpg,1,70,101,529,594
IMG_20231025_111711_jpg.rf.32a732ae3165fab12087c6d77f6cc7c7.jpg,1,19,189,569,534
IMG_20231004_154131_jpg.rf.835c903ac3f0c5df00945e82dc544cb8.jpg,1,159,121,480,516
IMG_20230927_155336_jpg.rf.5e56c393e63f2b74f2d3966d322223b0.jpg,1,258,104,423,419
IMG_20231012_154834_jpg.rf.ad0d8182be2e489bb8f35217fcb508bf.jpg,1,100,144,529,473
V1-3-00001_png.rf.34d87a7074676a93cacd882b4268f84b.jpg,1,266,163,384,293
IMG_20230927_155154_jpg.rf.60d24e8960223dd6e00a7f96116fff3a.jpg,1,135,148,495,488
IMG_20230926_150242_jpg.rf.7f8f90edc00d8fe07172ca38142787a2.jpg,1,220,266,401,513
V2-1-00038_png.rf.ea55cafbd35a33985e43415450d263d4.jpg,1,181,116,310,328
V2-1-00038_png.rf.ea55cafbd35a33985e43415450d263d4.jpg,1,329,81,445,355
IMG_20231005_091101_jpg.rf.6c5ccc95341e8ba455d7f2f4f7a8c963.jpg,1,144,126,529,555
IMG_20231106_090529_jpg.rf.d0ba5e9e7d4db1e287d0b3f8dbae25b5.jpg,1,183,109,456,551
IMG_20231030_111806_jpg.rf.4a2c8c273edc644e713602464923fbeb.jpg,1,60,61,559,519
IMG_20231003_154031_jpg.rf.7aab89501691489430e40f2f7b34d6d6.jpg,1,145,105,548,554
IMG_20231010_110219_jpg.rf.be63327575a29a1a8b180894814be2a7.jpg,1,80,213,521,551
IMG_20231007_113250_jpg.rf.e4ce38bcb8d96686158217911d17751e.jpg,1,350,214,614,425
IMG_20231007_113250_jpg.rf.e4ce38bcb8d96686158217911d17751e.jpg,1,181,34,313,390
IMG_20231005_091019_jpg.rf.b6e813703042e23846ff6a06414eea95.jpg,1,79,165,334,534
IMG_20231005_091019_jpg.rf.b6e813703042e23846ff6a06414eea95.jpg,1,275,216,533,640
IMG_20231030_111713_jpg.rf.f8f47482104c6e7c21c9416f41786bd6.jpg,1,16,113,561,499
IMG_20231001_155432_jpg.rf.53faf1b22e17d0e5f50d7ea8c6d165d7.jpg,1,55,106,499,514
Mix-3-00002_png.rf.e69e6874ce65203b8500604856a1dad4.jpg,1,145,21,291,182
Mix-3-00002_png.rf.e69e6874ce65203b8500604856a1dad4.jpg,1,210,110,401,324
IMG_20231007_113250_jpg.rf.eda772ba3808df7b9e0b1e7e5b3b9058.jpg,1,350,214,614,425
IMG_20231007_113250_jpg.rf.eda772ba3808df7b9e0b1e7e5b3b9058.jpg,1,181,34,313,390
IMG_20231103_092244_jpg.rf.922ab6be956d77cab1b0f26595e53910.jpg,1,150,105,534,540
IMG_20231020_153647_jpg.rf.f40f5c987c3e0a9ac7c8eb734a5a96ff.jpg,1,91,29,589,491
IMG_20231016_150620_jpg.rf.7bf6a3df0f47840d7992a3f1372ca060.jpg,1,274,179,531,504
IMG_20230926_150027_jpg.rf.67e7362153ac98cdbaeeff41566ae3ce.jpg,1,196,228,448,466
IMG_20230928_103301_jpg.rf.4f3ad7b12ef0b1d8318d124e9babf6ca.jpg,1,148,155,463,453
IMG_20231003_153259_jpg.rf.7cc7d0064fb69adb9a8f3b2cd48ab9c3.jpg,1,144,66,506,565
IMG_20231019_105626_jpg.rf.094110460fc9b538e40d769c94656890.jpg,1,88,115,629,481
IMG_20231005_091109_jpg.rf.85ddff14ebf0a831914e2dd58bab52d6.jpg,1,205,199,459,631
IMG_20230927_155336_jpg.rf.9231d8819d1fa7ebdcfccda447f8a889.jpg,1,258,104,423,419
IMG_20231016_150534_jpg.rf.1c664134056eeb3a28f230baf51a9dd0.jpg,1,56,135,491,540
IMG_20231007_113217_jpg.rf.b641b4fcfa006aac7d4588206231c581.jpg,1,189,71,359,429
IMG_20231007_113107_jpg.rf.8cf21359e331f10f72269b1e588d2699.jpg,1,253,161,389,463
IMG_20231010_110229_jpg.rf.44cb8dd2628a76354dacb00751fc8e52.jpg,1,136,86,523,586
IMG_20231018_113616_jpg.rf.31ec36cb538aebe20bca0b809684f09b.jpg,1,216,69,579,629
V2-4-00039_png.rf.840c158e52615e0c915a969bf8664d31.jpg,1,113,65,309,274
V2-4-00039_png.rf.840c158e52615e0c915a969bf8664d31.jpg,1,309,96,384,277
IMG_20231026_191551_jpg.rf.5da88fb45aeaadd96238496aeccc7761.jpg,1,133,263,443,430
IMG_20231026_191551_jpg.rf.5da88fb45aeaadd96238496aeccc7761.jpg,1,420,304,606,630
IMG_20231023_111158_jpg.rf.b727ec3180e4c202d4e1fa2a8df2c83f.jpg,1,29,168,588,495
V2-2-00042_png.rf.4c424194bd7cb3f390dc39dafd02745d.jpg,1,184,25,354,299
V2-2-00042_png.rf.4c424194bd7cb3f390dc39dafd02745d.jpg,1,314,89,469,299
IMG_20231002_143317_1_jpg.rf.0e6a0ecbde63b63d05859a61f3da30a4.jpg,1,121,146,500,486
IMG_20231106_090759_jpg.rf.6486cdf9b6fc1acfa2f5e1f0a5ddeac1.jpg,1,31,70,593,438
VC-4-00002_png.rf.d8b2e96c3ab157d80b2f1280915aec8c.jpg,1,180,124,271,206
Mix-4-00002_png.rf.394c73a0e391eb9c1cb66a4801946ece.jpg,1,124,95,379,322
Mix-4-00002_png.rf.394c73a0e391eb9c1cb66a4801946ece.jpg,1,303,54,491,206
IMG_20231005_091027_jpg.rf.6cac92a050403e1740bbd2b37914670a.jpg,1,155,158,491,526
IMG_20231019_105604_jpg.rf.ab620799cfe446a16cbcc6c0397c0c06.jpg,1,120,105,474,526
IMG_20231005_091010_jpg.rf.1dfd9aa14de5b1050610d1bc7a46e14c.jpg,1,29,100,338,433
IMG_20231005_091010_jpg.rf.1dfd9aa14de5b1050610d1bc7a46e14c.jpg,1,288,141,600,473
IMG_20231026_191551_jpg.rf.4820321b8af5160d624c758de066d350.jpg,1,133,263,443,430
IMG_20231026_191551_jpg.rf.4820321b8af5160d624c758de066d350.jpg,1,420,304,606,630
IMG_20231011_112137_jpg.rf.73e79125a4667da407f8dcca4b89b2c9.jpg,1,150,64,506,519
IMG_20231103_092320_jpg.rf.9297f155e5f60e5ed7b153d8617bda32.jpg,1,214,39,443,523
IMG_20231016_150619_jpg.rf.117b5bc5df0b32670cdb68b0b15cee90.jpg,1,186,151,443,499
IMG_20231012_155103_jpg.rf.b39b522ea675b76e51eea353b47d0384.jpg,1,155,141,471,473
IMG_20231106_091521_jpg.rf.b2c99efcf4230deab069b2359c5a834d.jpg,1,108,78,361,561
IMG_20231106_091521_jpg.rf.b2c99efcf4230deab069b2359c5a834d.jpg,1,246,41,595,538
IMG_20231106_090600_jpg.rf.c2b79cbf4e0a525e40a3409c678ffaf5.jpg,1,103,54,474,538
VC-3-00030_png.rf.9ce7c6d3799cbe0b6fea910c737bf186.jpg,1,230,121,288,328
Mix-3-00037_png.rf.5458fe8dee1c3c6beb726e1879bf1613.jpg,1,194,59,295,270
Mix-3-00037_png.rf.5458fe8dee1c3c6beb726e1879bf1613.jpg,1,243,24,396,271
Mix-3-00037_png.rf.5458fe8dee1c3c6beb726e1879bf1613.jpg,1,324,150,353,273
IMG_20231016_150430_jpg.rf.5758273c641089b433efa553ec69f12a.jpg,1,268,75,500,490
Mix-3-00027_png.rf.4c18e9ae90df68e6ee58ffc6f451be02.jpg,1,323,143,345,229
Mix-3-00027_png.rf.4c18e9ae90df68e6ee58ffc6f451be02.jpg,1,205,58,306,224
Mix-3-00027_png.rf.4c18e9ae90df68e6ee58ffc6f451be02.jpg,1,249,8,396,226
IMG_20231026_191247_jpg.rf.14544d737173a5cff88b9a038f55ef57.jpg,1,45,180,543,468
V1-4-00001_png.rf.e7b69dffbde16cd9e578e7878c048c90.jpg,1,254,118,378,226
IMG_20231106_090417_jpg.rf.51d3a432ba6a8af634aecfe1caa2940f.jpg,1,166,71,455,536
IMG_20231030_111637_jpg.rf.4f44b77ab190db62bef25b3bd472ffb8.jpg,1,136,23,531,465
IMG_20231018_113630_jpg.rf.4bb75c511c4e481528b1e3845eb9284c.jpg,1,20,100,591,456
IMG_20231009_163539_jpg.rf.90667c1235be070d4233a481413204d0.jpg,1,83,130,496,576
IMG_20231001_155649_jpg.rf.ed67f132f40d3d433fbba1a98653ec6d.jpg,1,38,58,345,448
IMG_20231001_155649_jpg.rf.ed67f132f40d3d433fbba1a98653ec6d.jpg,1,149,233,603,611
IMG_20230927_155737_jpg.rf.f9fcc75a152d3ab59870924f0c8940ff.jpg,1,231,189,234,191
IMG_20230927_155737_jpg.rf.f9fcc75a152d3ab59870924f0c8940ff.jpg,1,165,119,469,436
IMG_20231103_092404_jpg.rf.00ec782bfd87a926994c825107db03dc.jpg,1,8,268,513,583
IMG_20231026_191059_jpg.rf.fd929236e433ce12a7603eeca22ae12b.jpg,1,115,95,535,499
IMG_20231030_111706_jpg.rf.c651dfa5bdb9f50c5e287ec75ba3955f.jpg,1,96,149,565,555
IMG_20230927_155714_jpg.rf.da0f1fce9e0e71270cceb88f65508826.jpg,1,110,151,334,436
IMG_20230927_155714_jpg.rf.da0f1fce9e0e71270cceb88f65508826.jpg,1,326,135,569,430
IMG_20231007_113309_jpg.rf.88d4dd7372a08913996b20d774471af9.jpg,1,253,51,403,538
IMG_20231007_113309_jpg.rf.88d4dd7372a08913996b20d774471af9.jpg,1,270,389,293,433
IMG_20231007_113309_jpg.rf.88d4dd7372a08913996b20d774471af9.jpg,1,301,311,348,378
IMG_20231007_113309_jpg.rf.88d4dd7372a08913996b20d774471af9.jpg,1,361,119,510,288
IMG_20231020_153650_jpg.rf.bb2d3cc5610b6c54f80e329195159b4f.jpg,1,131,73,555,554
IMG_20231003_153255_jpg.rf.a693dacef0fdd2578f9fa71d157e0ec9.jpg,1,118,138,489,560
IMG_20231103_092230_jpg.rf.656b9770f3adddc3160ad30714c08cc0.jpg,1,100,34,614,399
IMG_20231019_105548_jpg.rf.e725e3a5ecdb40b3d1a68e17e5b20a1c.jpg,1,233,16,549,590
V1-3-00053_png.rf.6f9bc63a587246bbdf90c9b400852f8b.jpg,1,299,13,371,272
IMG_20231002_143444_jpg.rf.a8c9d32daac2de5e9211e37bce91e20b.jpg,1,189,130,413,469
IMG_20231106_091544_jpg.rf.8d383596d91c75ae4a82a9d9e3c40ce6.jpg,1,306,248,559,576
IMG_20231106_091544_jpg.rf.8d383596d91c75ae4a82a9d9e3c40ce6.jpg,1,36,164,359,510
IMG_20231026_191131_jpg.rf.9b2ff0409bf7401068794f534dcb641b.jpg,1,234,46,401,526
IMG_20230925_102027_jpg.rf.d7869be5da4d2a880196f005413fc7fc.jpg,1,276,255,391,438
IMG_20231009_163505_jpg.rf.be2ae19e048cd4cb05cc66d98aac2358.jpg,1,200,135,460,566
V1-3-00001_png.rf.9d4c49d6e7b75543f8498085eb3c74c1.jpg,1,266,163,384,293
IMG_20231003_152952_jpg.rf.18e1b1730b9f5e163a9a47826ca1ac87.jpg,1,124,111,469,526
IMG_20231106_090534_jpg.rf.99b70fe8413a31cba8d4f112ae18c999.jpg,1,240,20,436,526
IMG_20231001_155815_jpg.rf.10e0a81824f9fd152f7a4574295d1609.jpg,1,35,125,350,438
IMG_20231001_155815_jpg.rf.10e0a81824f9fd152f7a4574295d1609.jpg,1,338,94,558,548
IMG_20231025_111653_jpg.rf.af1e3aa6d51e40fb1f050e8e2c03d463.jpg,1,133,55,523,546
VC-3-00016_png.rf.456b3c01d908b65a6cede464eed7f085.jpg,1,196,156,304,292
IMG_20231016_150432_jpg.rf.86e542fdffc51c1800b73b8246e2fc32.jpg,1,41,55,305,469
IMG_20231010_110214_1_jpg.rf.1921ecb442338755d912c8d45bc6a295.jpg,1,28,119,544,526
IMG_20231019_105621_jpg.rf.093bbc8189b711b9863062d8078e06f2.jpg,1,155,125,564,526
IMG_20231016_150404_jpg.rf.0e5457077435ad84c60f3758ed16a9a7.jpg,1,96,234,461,616
IMG_20231002_143526_jpg.rf.6082deb9e91e4479bcf4be9ebb26e93f.jpg,1,189,73,546,526
IMG_20231016_150506_jpg.rf.165d86afcc3da7d6e5cd9377819f4611.jpg,1,123,318,271,461
IMG_20231016_150506_jpg.rf.165d86afcc3da7d6e5cd9377819f4611.jpg,1,111,169,506,581
IMG_20231103_092226_jpg.rf.9640f927710a7b236c1ef5c0fd2c120a.jpg,1,5,265,539,600
IMG_20230927_154930_jpg.rf.b89210b5ef0144d33fd6eb9c1ec9ce9e.jpg,1,218,206,406,406
IMG_20231106_090732_jpg.rf.f0910df5b050e897a345ced14125f913.jpg,1,155,64,483,534
IMG_20231016_150415_jpg.rf.8f69735d52a81801d0fcde392eff12cd.jpg,1,119,88,419,493
IMG_20230927_155327_jpg.rf.291b81a341d80a8e606385f3266e57ab.jpg,1,169,131,386,440
IMG_20231016_150459_jpg.rf.720082be125548e3095bd21b80f74056.jpg,1,366,224,605,509
IMG_20231008_152809_jpg.rf.f26f516eb1fd4b457baf287187e6f3d5.jpg,1,23,134,554,570
IMG_20231011_112327_jpg.rf.7a189d6cb10f1aefae02076aeac88920.jpg,1,158,25,466,525
IMG_20231030_111651_jpg.rf.e0044b7bb42871e9673b5849ee48d832.jpg,1,23,34,598,484
IMG_20231030_111742_jpg.rf.889dc04c9acc8a4613b101ae3135e1a6.jpg,1,81,63,609,499
IMG_20231011_112331_jpg.rf.dce689ba38193302a20afe842cd22ffd.jpg,1,195,110,485,605
IMG_20231027_135833_jpg.rf.9472dc77fd8e0cb9b75584defa9a9ae5.jpg,1,88,114,520,553
IMG_20231001_155442_jpg.rf.4f8cf473f4635688c68c5ceedc3afe25.jpg,1,79,99,510,483
IMG_20231003_154046_jpg.rf.79dcb9f8f16fe9b18d59997aced08641.jpg,1,108,9,545,276
IMG_20231003_154046_jpg.rf.79dcb9f8f16fe9b18d59997aced08641.jpg,1,116,276,439,539
IMG_20231019_105514_jpg.rf.fe549ba97bfdbe77de5409f2966d02da.jpg,1,151,63,484,486
IMG_20231103_092450_jpg.rf.966f9cd7cf1fcb704ba0035495268290.jpg,1,129,56,448,544
IMG_20231103_092450_jpg.rf.966f9cd7cf1fcb704ba0035495268290.jpg,1,341,168,604,528
IMG_20231019_105526_jpg.rf.c8435365035e7c0d1e8dd4ed79773cbd.jpg,1,39,188,614,564
IMG_20231019_105526_jpg.rf.c8435365035e7c0d1e8dd4ed79773cbd.jpg,1,188,4,411,214
V1-1-00001_png.rf.531b2084fab6339c34e84f75ea0c4c50.jpg,1,285,51,390,213
IMG_20230926_145836_jpg.rf.9367b2f41ae49f3d396ca25dcfbcd503.jpg,1,235,109,465,544
IMG_20231002_143617_jpg.rf.7ee9d85f7731a561a2b15fde5d5e72c1.jpg,1,121,134,459,538
V1-3-00002_png.rf.7076afa5a7d1d156c093d82080a34650.jpg,1,269,159,385,288
IMG_20231002_143513_jpg.rf.868bffc1dcc3e6ec46ee0ed2a1784a09.jpg,1,175,83,530,544
IMG_20231019_105523_jpg.rf.0d72ba1820289bd564ec38802951b9d9.jpg,1,34,150,609,443
IMG_20230927_155714_jpg.rf.cfc0df66feaba7dbded53cb5faeec18f.jpg,1,110,151,334,436
IMG_20230927_155714_jpg.rf.cfc0df66feaba7dbded53cb5faeec18f.jpg,1,326,135,569,430
IMG_20231023_111045_jpg.rf.0bfd8615e08151d91a9bc1cb840053ad.jpg,1,71,138,619,481
IMG_20231106_090417_jpg.rf.16c5d6c0f63ad5658e805a8b812e02fb.jpg,1,166,71,455,536
IMG_20230927_154930_jpg.rf.f8a956bc62a09b59ea11544c22b8c11c.jpg,1,218,206,406,406
IMG_20231008_153041_1_jpg.rf.2508ff07213c5d7d353317f6c402591b.jpg,1,135,166,513,640
IMG_20231004_154101_jpg.rf.b3532ddf69da1ff36b55646ff739ec88.jpg,1,114,71,485,543
IMG_20231003_153241_jpg.rf.19f6fce0fa6a91937ecfa5b0596ae71c.jpg,1,158,85,448,534
IMG_20231016_150428_jpg.rf.e2c4cef1377b1c29a2f08ccc1afbeab5.jpg,1,164,60,401,481
IMG_20231026_191449_jpg.rf.d4cfb028b0791c0bfb774b566b25ede1.jpg,1,35,20,204,406
IMG_20231026_191449_jpg.rf.d4cfb028b0791c0bfb774b566b25ede1.jpg,1,150,146,471,383
IMG_20230927_155737_jpg.rf.335d6791bdd71a71c5d1e31e103f73e8.jpg,1,231,189,234,191
IMG_20230927_155737_jpg.rf.335d6791bdd71a71c5d1e31e103f73e8.jpg,1,165,119,469,436
IMG_20231009_163449_jpg.rf.e48da47136f63f93d233c04d056c218f.jpg,1,166,59,521,546
IMG_20231106_090747_jpg.rf.e19365825effd0c1579220e2ba2ccb0d.jpg,1,18,286,493,608
IMG_20231012_154834_jpg.rf.9a2bbb4c8d5afa4c7d4aa59691f9e212.jpg,1,100,144,529,473
IMG_20230928_103304_jpg.rf.8149978d1b071e7e962bee72e0b1882b.jpg,1,189,103,444,468
IMG_20231023_111104_jpg.rf.f888ce59f7501a3c56419df46b1a059b.jpg,1,300,461,305,465
IMG_20231023_111104_jpg.rf.f888ce59f7501a3c56419df46b1a059b.jpg,1,191,53,440,578
IMG_20231027_135742_jpg.rf.a0efe90c5b89e30ffdb902dff59d19a6.jpg,1,70,120,536,449
IMG_20231026_191323_jpg.rf.7ed134db78a699e56b6948fbe9233c02.jpg,1,140,176,520,499
IMG_20231106_090624_jpg.rf.ceb2d728575be0e32e93a3178c8b053e.jpg,1,59,313,478,615
IMG_20231025_111545_jpg.rf.6dbc319f88d02eac350b7b7c15e3d3b2.jpg,1,139,76,510,605
IMG_20231011_112241_jpg.rf.14016698ef262d3eef86f9e3b10393f2.jpg,1,99,134,476,603
V1-1-00001_png.rf.3eebaecf3f7b2bdcf664cf1fee27707c.jpg,1,285,51,390,213
IMG_20231002_143612_jpg.rf.f741f41f4fc8588ab91d7a95acf31e33.jpg,1,155,216,470,496
IMG_20231025_111715_jpg.rf.0207bd29a84ae13b000e768b2746f4bf.jpg,1,11,144,529,500
IMG_20230927_155751_jpg.rf.2f735ba46a864b9c9257376b81d03690.jpg,1,163,116,485,433
IMG_20231012_155055_jpg.rf.2d7a3e225539b3deefebd6a84ee70f90.jpg,1,101,108,563,545
IMG_20231023_111033_jpg.rf.1e6739e4f88639a83a4a3f8d63f12f53.jpg,1,128,39,444,560
V2-2-00002_png.rf.118750fc93838039d8b2755f91ac7273.jpg,1,204,209,313,324
V2-2-00002_png.rf.118750fc93838039d8b2755f91ac7273.jpg,1,346,30,495,194
IMG_20230928_103304_jpg.rf.10fb4c9d6bc20fd291ae58c76ec4e460.jpg,1,189,103,444,468
IMG_20231016_150506_jpg.rf.2593d43053b9084f2aaecbf5449a640b.jpg,1,123,318,271,461
IMG_20231016_150506_jpg.rf.2593d43053b9084f2aaecbf5449a640b.jpg,1,111,169,506,581
IMG_20230928_102621_jpg.rf.570f038880855b769eaa2e148553d243.jpg,1,171,204,514,504
IMG_20231030_111635_jpg.rf.55ef66490ed2e8fdda5f76e2a4c21423.jpg,1,95,24,504,604
IMG_20231001_155845_jpg.rf.d924c6b78b148a1cafe45d3817c29982.jpg,1,161,44,415,358
IMG_20231001_155845_jpg.rf.d924c6b78b148a1cafe45d3817c29982.jpg,1,108,313,524,538
IMG_20230927_154935_jpg.rf.360424357b76470242d7f4af0f2dfb40.jpg,1,244,204,384,395
IMG_20231030_111800_jpg.rf.817e72ea6de1b754e79781aeeef0b0d0.jpg,1,31,123,538,479
IMG_20231004_153658_1_jpg.rf.e34d28e69e60786b1cb651ed2e80c4f9.jpg,1,186,75,473,493
IMG_20231004_153658_1_jpg.rf.02305cde5aca20516c2571939b6f3ea9.jpg,1,186,75,473,493
IMG_20231003_154056_jpg.rf.cd14246204fd9b510e16347785950e8a.jpg,1,184,106,364,425
IMG_20231003_154056_jpg.rf.cd14246204fd9b510e16347785950e8a.jpg,1,339,161,534,496
IMG_20231026_191140_jpg.rf.9c90bd627d09d6da58b851f4850cee45.jpg,1,39,215,550,513
IMG_20231012_154934_jpg.rf.1920816ea6d723c90018957547e69a01.jpg,1,128,196,528,529
IMG_20231027_135851_jpg.rf.ef0aabcf2c303d280fee9994e9afda87.jpg,1,53,180,535,476
VE-2-00025_png.rf.70feb69fc208a25f892ca37224b7a75e.jpg,1,305,66,353,241
V1-2-00002_png.rf.4eaf0800baa9dbdb5238f5c9ae1eaf37.jpg,1,298,115,424,224
IMG_20231008_152738_jpg.rf.434726f5d2e1177a92df976bde391e43.jpg,1,116,103,564,529
VC-3-00001_png.rf.8d780c9361f6d3f5e25332a56ccfafde.jpg,1,174,150,288,220
IMG_20231001_155747_jpg.rf.a853af8cd20513e7123bfc2c635bf63f.jpg,1,240,148,581,596
IMG_20231001_155747_jpg.rf.a853af8cd20513e7123bfc2c635bf63f.jpg,1,16,39,366,399
IMG_20231025_111542_jpg.rf.de263ce3bd222c1d60acf42f1771c656.jpg,1,118,61,504,601
IMG_20231003_152428_jpg.rf.3f18ccf88628e5e6d6daec19bac76458.jpg,1,44,205,320,541
IMG_20231003_152428_jpg.rf.3f18ccf88628e5e6d6daec19bac76458.jpg,1,303,200,559,548
IMG_20231002_144010_jpg.rf.9a50e3ea8376cbd69592f158d7b6c376.jpg,1,314,203,511,488
IMG_20231002_144010_jpg.rf.9a50e3ea8376cbd69592f158d7b6c376.jpg,1,161,241,410,563
IMG_20231016_150415_jpg.rf.32d238b3736934115aeda6d4f77c01d1.jpg,1,119,88,419,493
IMG_20231009_163416_jpg.rf.3445f5d80c6214eb47c401a25922a254.jpg,1,153,146,489,538
IMG_20231005_091032_jpg.rf.a835fae7a473cda9afdbc40e8a50d9b1.jpg,1,156,193,461,566
IMG_20231012_154745_jpg.rf.4481e1386544ab31e5f5770d85c3cf5f.jpg,1,135,84,506,568
IMG_20231001_155442_jpg.rf.7d95d8ae8faac682e4681d1520956dbe.jpg,1,79,99,510,483
IMG_20231010_110029_jpg.rf.6041b2b89f4c916b82605b92f5f4ec38.jpg,1,85,163,488,504
IMG_20230928_102626_jpg.rf.8eb971288458323dddd215a2ebe86c49.jpg,1,186,141,448,453
IMG_20231019_105518_jpg.rf.7ddb9aa7a4ced4b2a7af60652924fc45.jpg,1,120,104,475,548
IMG_20231027_135538_jpg.rf.f05007aa1a56bd6f1b829b526a28e0e4.jpg,1,36,130,563,465
IMG_20231025_111711_jpg.rf.e13cc6b688a38d2d9756dabaa9b7d5d6.jpg,1,19,189,569,534
IMG_20231026_191251_jpg.rf.adc34c81b0e6d79693ed1669985aed12.jpg,1,105,155,474,538
IMG_20231027_140630_jpg.rf.eb5bfd15d93a633730ca716d005c92e0.jpg,1,105,204,579,468
IMG_20231010_110324_jpg.rf.b55d6dc65d8af9a16409cd3816b9c39b.jpg,1,249,43,546,548
IMG_20231019_105619_jpg.rf.79e8f256337a41380ec615f9a1858e80.jpg,1,131,141,529,488
IMG_20231004_154115_1_jpg.rf.7133774703852ee919e22043909d5706.jpg,1,185,110,506,559
V2-4-00040_png.rf.6250667e2945d248fd72a02724f24e2d.jpg,1,114,74,310,288
V2-4-00040_png.rf.6250667e2945d248fd72a02724f24e2d.jpg,1,310,104,386,289
IMG_20231010_110250_jpg.rf.3fbe7210ae030d92d2534df11e29144c.jpg,1,35,116,625,546
IMG_20231103_092214_jpg.rf.c6113aea773eb4d4a8902539dcbc9b74.jpg,1,155,110,488,568
IMG_20231025_111524_jpg.rf.69065857cf1dabf8466618ee90f490a0.jpg,1,23,148,555,515
IMG_20230926_145846_jpg.rf.8bc86cc9377623364a2a6c3514e40e72.jpg,1,248,130,436,609
IMG_20231003_153250_jpg.rf.abf21fd8a4215e4ff6f6da370834cb31.jpg,1,146,84,545,504
IMG_20231019_105548_jpg.rf.9497ca9dec852f2eed1c84dd9c743847.jpg,1,233,16,549,590
IMG_20231005_091035_jpg.rf.4efeb6366972ab4bc551cb0aa1e4f981.jpg,1,158,115,461,586
IMG_20231023_111155_jpg.rf.0ae80c87a6b33b2f890db934a90ceb14.jpg,1,1,183,570,488
IMG_20231001_155602_jpg.rf.d1a9a6c291a91032230de79c957be954.jpg,1,136,118,531,585
IMG_20231025_111656_jpg.rf.8f6e45e9288b4b9bb76eaa9ef5ad57d6.jpg,1,160,121,496,490
IMG_20231002_143756_1_jpg.rf.7bf1e85e6835b3581371d90aa41a8241.jpg,1,146,216,543,600
IMG_20231007_113107_jpg.rf.b437218f663430da5cc39c7166366dc8.jpg,1,253,161,389,463
IMG_20231027_140630_jpg.rf.f5af3f78ddc6c5a0a8ad3bda17ec3e6a.jpg,1,105,204,579,468
IMG_20231001_155639_jpg.rf.17e4ea92e2b0b8d4a726e74196f98703.jpg,1,45,74,306,430
IMG_20231001_155639_jpg.rf.17e4ea92e2b0b8d4a726e74196f98703.jpg,1,241,75,514,590
IMG_20231003_153025_jpg.rf.efc5ed02ddbcb3abe88a808f44976e6e.jpg,1,133,256,320,575
IMG_20231003_153025_jpg.rf.efc5ed02ddbcb3abe88a808f44976e6e.jpg,1,184,90,461,550
IMG_20231001_155436_jpg.rf.b79aa30e71e1b8da00ac5698a276df85.jpg,1,73,70,465,523
IMG_20231103_092226_jpg.rf.2010ce3c6f9e5bc3d03ee31494184bd7.jpg,1,5,265,539,600
IMG_20231002_143438_jpg.rf.8e61d5e9b83d2b7c8bcaedf7bc7e75f0.jpg,1,231,171,438,530
IMG_20231106_091452_jpg.rf.fa6d64df5db7bddc2a498e9762454152.jpg,1,55,60,339,354
IMG_20231106_091452_jpg.rf.fa6d64df5db7bddc2a498e9762454152.jpg,1,113,194,621,588
IMG_20231026_191528_jpg.rf.e546352da59cca86d08a429c232298b6.jpg,1,118,108,398,540
IMG_20231026_191528_jpg.rf.e546352da59cca86d08a429c232298b6.jpg,1,363,208,584,516
IMG_20231003_153025_jpg.rf.78e1d5fd78820784b544d79ba6516d9a.jpg,1,133,256,320,575
IMG_20231003_153025_jpg.rf.78e1d5fd78820784b544d79ba6516d9a.jpg,1,184,90,461,550
IMG_20231020_153659_jpg.rf.199362df6dd0b3d948854d7234bf98e2.jpg,1,193,83,470,580
IMG_20231020_153631_jpg.rf.4ed2bf512dc35c7f96abb2807b7ba68b.jpg,1,170,16,506,555
IMG_20231016_150610_jpg.rf.5aa52953bfaa9d6f84a3f0ae8081b30c.jpg,1,93,130,531,540
IMG_20230927_155819_jpg.rf.da24f25fdfa90cd41db357c5ef9118a3.jpg,1,176,101,421,438
IMG_20231026_191428_jpg.rf.09db4a98bbfee62301bb6d7423640e6c.jpg,1,81,0,301,399
IMG_20231026_191428_jpg.rf.09db4a98bbfee62301bb6d7423640e6c.jpg,1,278,294,595,553
IMG_20231027_135738_jpg.rf.a5e6ff29ad9abbec8cf9024f5ace1d4d.jpg,1,59,186,581,495
IMG_20231001_155928_jpg.rf.05695aa4157e5ec4e43db8ee41039552.jpg,1,59,153,588,501
IMG_20231012_155234_jpg.rf.1fd8f32a29d97a930487a5fc8fc38b4d.jpg,1,168,158,533,540
IMG_20231003_152526_1_jpg.rf.1eb6456b57cc60ce544ac1eb628f43b4.jpg,1,86,125,548,546
IMG_20231005_091032_jpg.rf.c05ed734d8cada497248d717d9f25dd2.jpg,1,156,193,461,566
IMG_20231023_111056_jpg.rf.c7524a812c4ddd7b0f8b8966a48972e1.jpg,1,128,108,416,581
IMG_20231003_152959_jpg.rf.85dc93d8d8e240c17425bf0d7d1798b5.jpg,1,201,361,439,538
IMG_20231003_152959_jpg.rf.85dc93d8d8e240c17425bf0d7d1798b5.jpg,1,131,130,528,380
IMG_20230927_155718_jpg.rf.1e64df99f3ef41bf71f7efc2ef89af32.jpg,1,66,124,305,454
IMG_20230927_155718_jpg.rf.1e64df99f3ef41bf71f7efc2ef89af32.jpg,1,316,125,531,454
IMG_20231010_110050_jpg.rf.31449f1c520c14948f0f600d7c16cb29.jpg,1,170,58,465,516
IMG_20231009_163449_jpg.rf.d66e2040543f4026aa8054d85777faba.jpg,1,166,59,521,546
IMG_20231016_150458_jpg.rf.283139d3248256ce7486c38b3ef74d4e.jpg,1,186,175,431,491
IMG_20230926_145814_jpg.rf.f33de29b8e54257fc6c1909526d20181.jpg,1,231,138,421,529
IMG_20230927_155718_jpg.rf.b60cf158d86a92cb16427cba9081c1d3.jpg,1,66,124,305,454
IMG_20230927_155718_jpg.rf.b60cf158d86a92cb16427cba9081c1d3.jpg,1,316,125,531,454
IMG_20231002_143532_jpg.rf.1eb33ace3179159b396f10e59cfab69b.jpg,1,184,153,509,503
IMG_20231002_143444_jpg.rf.49a6d1749e4a45d5ba67120af651dca0.jpg,1,189,130,413,469
IMG_20231025_111459_jpg.rf.7b93463e6ac21cead37e0df1889135a1.jpg,1,185,66,529,613

V2-1-00038_png.rf.11c93d368e5075486c6edc45e7188d99.jpg,1,181,116,310,328
V2-1-00038_png.rf.11c93d368e5075486c6edc45e7188d99.jpg,1,329,81,445,355
V1-4-00055_png.rf.8f713f6df17ce02dbf4385dd4526ffc1.jpg,1,274,58,349,293
IMG_20231103_092407_jpg.rf.64db05396441e2f1b01c9a2189273da3.jpg,1,201,329,608,608
IMG_20231030_111803_jpg.rf.9a86bce6233ba3be6a4f188d8d89db95.jpg,1,84,150,598,514
IMG_20231008_153105_jpg.rf.4848929b5ccf7fb88422bf3077e9e6b9.jpg,1,123,123,458,533
IMG_20231018_113901_1_jpg.rf.2409105bbb79f4fa0bf7dd8d7f5a7baf.jpg,1,60,204,519,444
IMG_20231012_155159_jpg.rf.8140c786ae270d0592873684c55ef074.jpg,1,120,101,554,468
V2-4-00002_png.rf.808c897063a06ebca21947944c4eda8a.jpg,1,54,160,259,332
V2-4-00002_png.rf.808c897063a06ebca21947944c4eda8a.jpg,1,310,33,425,159
IMG_20231106_091608_jpg.rf.cfd7ec2843e6f1c0ff9726584c1a6be6.jpg,1,93,61,358,601
IMG_20231106_091608_jpg.rf.cfd7ec2843e6f1c0ff9726584c1a6be6.jpg,1,305,149,546,584
IMG_20231003_154116_jpg.rf.df7e4e275df2629e8743c064b3f444be.jpg,1,121,116,498,531
IMG_20231027_135608_jpg.rf.e6a86a6ff0f419fea91d53ac7a427266.jpg,1,51,138,533,470
IMG_20231025_111653_jpg.rf.bb0e02966f8b4e1b33fd32922c7aebab.jpg,1,133,55,523,546
IMG_20231012_155203_jpg.rf.060bc227ae0665c93b994fb4242a65d4.jpg,1,98,193,528,551
IMG_20231004_153930_jpg.rf.d4e41c2906a75a271cf211cbd5531344.jpg,1,195,61,509,348
IMG_20231004_153930_jpg.rf.d4e41c2906a75a271cf211cbd5531344.jpg,1,128,308,500,588
IMG_20231002_143625_jpg.rf.b023b35b9e118b1fff2dcbac858a7205.jpg,1,98,333,509,551
IMG_20231002_143625_jpg.rf.b023b35b9e118b1fff2dcbac858a7205.jpg,1,189,68,478,330
IMG_20231018_113839_jpg.rf.f8a00cf2ef590ab8fd138ba1e96e9006.jpg,1,58,135,489,586
IMG_20230928_103200_jpg.rf.94026f223d09172e821194654f3269a8.jpg,1,158,183,519,530
IMG_20230927_155816_jpg.rf.0f5723dbe4f03747786795ad7ddfdfa4.jpg,1,200,104,435,396
IMG_20231003_154124_1_jpg.rf.c32567a54c747fcbab7e74e1b9312216.jpg,1,86,118,544,456
IMG_20231023_111206_jpg.rf.9ec90b7cb0dc79e47550c5812a2208b7.jpg,1,205,105,426,606
IMG_20231103_092239_jpg.rf.cc94d4dac16ea4a6070240cc765f89c1.jpg,1,60,133,618,446
IMG_20231009_163739_jpg.rf.d2faae85e0e4d26da56b5d209dd548e5.jpg,1,85,165,516,595
IMG_20230927_154946_jpg.rf.2d9070a0f69acd7bab2af889be729c08.jpg,1,268,181,399,481
IMG_20231027_135555_jpg.rf.61503b3c21ce2ba8a8efd0e1d78d6647.jpg,1,113,65,483,528
IMG_20231012_155203_jpg.rf.c097e84fd47786852dcc7a5f0da37883.jpg,1,98,193,528,551
IMG_20231009_163437_jpg.rf.7798a101e7e219b8b3f073eeb2cb3d85.jpg,1,139,40,451,573
IMG_20231106_090812_jpg.rf.0d9f9eb06c37d513a08162923416b1e8.jpg,1,250,18,619,581
IMG_20230928_103214_jpg.rf.e27aaa618f26e51cd374ce2f5c3c234a.jpg,1,108,143,510,544
IMG_20230925_102027_jpg.rf.588857fff1877c85bb030889a5f6c92c.jpg,1,276,255,391,438
IMG_20231027_140557_jpg.rf.fd0d62d220673fed9ef0a79ff73ccbc5.jpg,1,181,65,496,516
IMG_20231026_191140_jpg.rf.6e8fbf0a8f1aa0273efac3886c8cb1c7.jpg,1,39,215,550,513
IMG_20231027_135824_jpg.rf.a9606dd8b78d7869e60b0d7b46178133.jpg,1,150,141,528,460
IMG_20230926_150242_jpg.rf.3af6a48ff6096ad76875f1aefcdf1b14.jpg,1,220,266,401,513
IMG_20231026_191449_jpg.rf.4defa678bc36fa70f36515cd38755ce3.jpg,1,35,20,204,406
IMG_20231026_191449_jpg.rf.4defa678bc36fa70f36515cd38755ce3.jpg,1,150,146,471,383
IMG_20231026_191052_jpg.rf.6acce7a3523e658abb30bd6cddbd8879.jpg,1,81,185,576,474
IMG_20231106_091647_jpg.rf.36bdd785943f6b3b8a3c43748e065130.jpg,1,191,181,383,508
IMG_20231106_091647_jpg.rf.36bdd785943f6b3b8a3c43748e065130.jpg,1,331,150,521,483
V1-1-00046_png.rf.c35164fb9ff046eb61c6fff711fd2a78.jpg,1,329,11,374,312
IMG_20231025_111627_jpg.rf.436da52188938e0a4a086ad9e83cd3f6.jpg,1,169,48,518,601
IMG_20231106_091452_jpg.rf.6f3412c54c44a27d4929213359eaf3c0.jpg,1,55,60,339,354
IMG_20231106_091452_jpg.rf.6f3412c54c44a27d4929213359eaf3c0.jpg,1,113,194,621,588
IMG_20231002_143603_1_jpg.rf.88f3e6debd4d6a0551aa56f6d80e2d3d.jpg,1,168,129,500,559
IMG_20231018_113851_jpg.rf.9cba5a8e3fec3a383ebfdf93dfbda7f5.jpg,1,159,103,558,489
IMG_20231103_092629_jpg.rf.5cd17f8a1a64f67c99dc739800a3e7c0.jpg,1,206,89,570,449
IMG_20231103_092629_jpg.rf.5cd17f8a1a64f67c99dc739800a3e7c0.jpg,1,66,145,270,476
IMG_20231001_155903_jpg.rf.37003efa975a86a838a2b9d2368d180e.jpg,1,66,60,295,513
IMG_20231001_155903_jpg.rf.37003efa975a86a838a2b9d2368d180e.jpg,1,274,166,604,471
IMG_20231004_153930_jpg.rf.5a1a67deb731b93fa8e115bce3d1e72f.jpg,1,195,61,509,348
IMG_20231004_153930_jpg.rf.5a1a67deb731b93fa8e115bce3d1e72f.jpg,1,128,308,500,588
IMG_20231009_163446_jpg.rf.5786a0b546b92b7c957fa285016b994d.jpg,1,138,126,533,518
IMG_20231023_111158_jpg.rf.65db6e0aeb3b83f8b0e3d79a8d4e5f4f.jpg,1,29,168,588,495
IMG_20231011_112152_jpg.rf.b4291e88b7c072429edb0da9c29a07d0.jpg,1,141,175,523,595
IMG_20231025_111715_jpg.rf.b09bca4ae73431463dcb0f6c0d1db598.jpg,1,11,144,529,500
IMG_20231026_191545_jpg.rf.fa8192e4d134a1ec103a6c7796e210f5.jpg,1,6,246,318,423
IMG_20231026_191545_jpg.rf.fa8192e4d134a1ec103a6c7796e210f5.jpg,1,314,304,458,635
IMG_20231004_154002_1_jpg.rf.facb3d04667af8f0816359e4ac49036e.jpg,1,291,166,560,531
IMG_20231004_154002_1_jpg.rf.facb3d04667af8f0816359e4ac49036e.jpg,1,71,190,323,538
VC-4-00033_png.rf.4ac6385cc960f4f7ad0baba0056ad427.jpg,1,266,111,301,279
IMG_20231026_191556_jpg.rf.bebe8d30753630e9b64362041f3f079a.jpg,1,70,165,341,470
IMG_20231026_191556_jpg.rf.bebe8d30753630e9b64362041f3f079a.jpg,1,336,235,488,508
IMG_20231106_090751_jpg.rf.fe7e0de372aa13d0bd7321037dc36acb.jpg,1,231,360,629,631
IMG_20231012_155117_jpg.rf.93a0cb431b13f3d6c8b713d3c0ba1875.jpg,1,95,96,514,546
IMG_20231103_092328_jpg.rf.9efb8ca53ce1f45ddf8d24988983dd9f.jpg,1,30,25,399,453
IMG_20231023_111155_jpg.rf.2ecdefa433c357508536258464034799.jpg,1,1,183,570,488
IMG_20231016_150541_jpg.rf.cdc841141d8d0bcc4cdf059bd61f2195.jpg,1,188,290,469,615
IMG_20231003_154046_jpg.rf.07c16c10064e8d8423e4dca3ef193ea2.jpg,1,108,9,545,276
IMG_20231003_154046_jpg.rf.07c16c10064e8d8423e4dca3ef193ea2.jpg,1,116,276,439,539
IMG_20231106_090653_jpg.rf.746254f402f9c417c43cccc9927da845.jpg,1,194,125,451,546
IMG_20231023_111017_jpg.rf.26621cf3afe23179241500ac84f12c7b.jpg,1,81,35,519,533
IMG_20231023_111209_jpg.rf.9322811ce5fe076d3dcc56a61337a9b1.jpg,1,225,175,440,495
IMG_20231027_135742_jpg.rf.44721605c185e7516b7beafedcbae436.jpg,1,70,120,536,449
IMG_20230927_155803_jpg.rf.54f7bbaf685c6ab011d5ff62e7a91895.jpg,1,141,126,449,400
IMG_20231016_150541_jpg.rf.ea467ac09bbb17252ac68a00183a3753.jpg,1,188,290,469,615
IMG_20231016_150415_jpg.rf.2bb5df8d9b31dcdd211d22f39f156bc1.jpg,1,119,88,419,493
IMG_20231001_155649_jpg.rf.7ce578c91e8b0b449157341e8f2cf920.jpg,1,38,58,345,448
IMG_20231001_155649_jpg.rf.7ce578c91e8b0b449157341e8f2cf920.jpg,1,149,233,603,611
IMG_20231009_163501_jpg.rf.6463e16b01148b28183018a32439e077.jpg,1,154,101,474,504
IMG_20231003_153022_jpg.rf.94b0fd68dd13443eea74ffe93198cb03.jpg,1,150,95,471,466
IMG_20231003_153022_jpg.rf.94b0fd68dd13443eea74ffe93198cb03.jpg,1,113,290,319,584
IMG_20231103_092332_jpg.rf.3dc7a37827d8b83514eb224ed08caa3a.jpg,1,20,120,390,640
IMG_20231009_163442_jpg.rf.f783e9b587f0d1c17ca27f09d61cac03.jpg,1,136,148,500,473
IMG_20231009_163416_jpg.rf.7a7fd1c17107176e3ba91e6c00d39f37.jpg,1,153,146,489,538
IMG_20231011_112149_jpg.rf.11a4f306dd122e0c96e71a5c9188e82c.jpg,1,100,128,523,489
IMG_20230927_155737_jpg.rf.af7c9a6c6e6ac27d9ae362a5daf75f47.jpg,1,231,189,234,191
IMG_20230927_155737_jpg.rf.af7c9a6c6e6ac27d9ae362a5daf75f47.jpg,1,165,119,469,436
IMG_20231004_153930_jpg.rf.b8784853caccc87d1a86b24800b262de.jpg,1,195,61,509,348
IMG_20231004_153930_jpg.rf.b8784853caccc87d1a86b24800b262de.jpg,1,128,308,500,588
IMG_20231001_155800_jpg.rf.37a3d7a62cdae7f7a9a7f465a9df73c4.jpg,1,91,234,400,498
IMG_20231001_155800_jpg.rf.37a3d7a62cdae7f7a9a7f465a9df73c4.jpg,1,265,45,556,433
IMG_20231016_150630_jpg.rf.341d3e6e0bc2357131ce7a909136260e.jpg,1,116,71,358,458
V2-1-00038_png.rf.c790d1e2536ed5feb6ebb797438753b7.jpg,1,181,116,310,328
V2-1-00038_png.rf.c790d1e2536ed5feb6ebb797438753b7.jpg,1,329,81,445,355
IMG_20231030_111806_jpg.rf.bf653ee24a4d14491469be0f8bf39fea.jpg,1,60,61,559,519
IMG_20231001_155921_1_jpg.rf.5f2410faf58f6d363e57bf502b0443b7.jpg,1,134,19,616,299
IMG_20231001_155921_1_jpg.rf.5f2410faf58f6d363e57bf502b0443b7.jpg,1,124,265,486,603
IMG_20230928_103214_jpg.rf.f0e91696b21ca8ee3b93f94f5606d98e.jpg,1,108,143,510,544
IMG_20231027_140557_jpg.rf.e3867061a5cf5937ca62f98a8402246e.jpg,1,181,65,496,516
IMG_20231003_152959_jpg.rf.6b7b9cea2cb8a02766ee58ecbef75af5.jpg,1,201,361,439,538
IMG_20231003_152959_jpg.rf.6b7b9cea2cb8a02766ee58ecbef75af5.jpg,1,131,130,528,380
IMG_20231016_150627_jpg.rf.45c5e4a16bd79e530fd35259ae9625cd.jpg,1,225,145,439,539
IMG_20231016_150459_jpg.rf.c46ff929f830eac97b3b4bb44beca825.jpg,1,366,224,605,509
IMG_20231019_105609_jpg.rf.2a1edb300a3a77340d4786039b41b93e.jpg,1,74,103,506,493
IMG_20230926_145653_jpg.rf.4727c434266072455a6613e4fe1555a5.jpg,1,209,190,449,431
V2-3-00048_png.rf.2928267d8cef0d3af55fd706a6a6d6b9.jpg,1,311,49,522,279
V2-3-00048_png.rf.2928267d8cef0d3af55fd706a6a6d6b9.jpg,1,223,90,330,279
IMG_20230927_154903_jpg.rf.8aedddf86f8604c878e9e3352b27cba3.jpg,1,199,231,418,418
IMG_20231026_191442_jpg.rf.4c2551c7b8482daa625eb0ffbf82f6d5.jpg,1,235,26,345,400
IMG_20231026_191442_jpg.rf.4c2551c7b8482daa625eb0ffbf82f6d5.jpg,1,335,123,624,373
IMG_20231009_163442_jpg.rf.c1bfc8a688e3c2ca21d4474e6de5239c.jpg,1,136,148,500,473
IMG_20231106_091631_jpg.rf.82f738abc433b2a6858f8778bce038e4.jpg,1,145,179,334,585
IMG_20231106_091631_jpg.rf.82f738abc433b2a6858f8778bce038e4.jpg,1,265,126,524,558
IMG_20230927_155733_jpg.rf.092950972e8f6717cff1fb863a79bd04.jpg,1,95,131,400,286
IMG_20230927_155733_jpg.rf.092950972e8f6717cff1fb863a79bd04.jpg,1,180,195,490,436
IMG_20231018_113839_jpg.rf.78793a7defdfab4258d3e6aa51c83606.jpg,1,58,135,489,586
IMG_20231002_144018_1_jpg.rf.1cafa316658beb7e86f5093a6b00ca18.jpg,1,131,70,401,481
IMG_20231011_112250_jpg.rf.196717fd5e05c79deade4aaebe355bb5.jpg,1,169,169,478,521
IMG_20231011_112311_jpg.rf.cb84b343bc3e88b6d4ad7113e856eaf1.jpg,1,45,133,599,474
IMG_20231009_163505_jpg.rf.0e37aa7b87fa7e8a6a61e93ac07fa43e.jpg,1,200,135,460,566
IMG_20231025_111545_jpg.rf.df5faa55ac0a8b81d50b800895351073.jpg,1,139,76,510,605
IMG_20231011_112124_jpg.rf.64da5a5ac760d2173371ea802edc3142.jpg,1,76,158,519,621
IMG_20231020_153707_jpg.rf.e714291177409e9d7cd1cacd8e3a7c45.jpg,1,250,74,444,588
IMG_20231016_150536_jpg.rf.8d36f7cd9ae4e31991b0754dc3438fe3.jpg,1,255,38,584,374
IMG_20231018_113623_jpg.rf.d1540753a5e0c0e7d68f43b0978c4bb8.jpg,1,39,49,619,539
IMG_20231004_154101_jpg.rf.5550afe8ca83c3739e3d093bc588120b.jpg,1,114,71,485,543
IMG_20231025_111542_jpg.rf.1c8a4e2d550b0555d008ef5af61fc462.jpg,1,118,61,504,601
IMG_20231026_191545_jpg.rf.e9d814cf3d4841a72608a6610fe60452.jpg,1,6,246,318,423
IMG_20231026_191545_jpg.rf.e9d814cf3d4841a72608a6610fe60452.jpg,1,314,304,458,635
IMG_20231003_154124_1_jpg.rf.e892d03a80e7de936076003371011c97.jpg,1,86,118,544,456
IMG_20231016_150557_jpg.rf.4831273bf6203679e3c497167cf1d98c.jpg,1,86,101,335,483
IMG_20231103_092538_jpg.rf.264349cce7b761d9cd12d054e92f333f.jpg,1,203,183,571,539
IMG_20231103_092538_jpg.rf.264349cce7b761d9cd12d054e92f333f.jpg,1,94,259,314,580
V2-4-00002_png.rf.24fed5b907976b6ee51e6851684e721e.jpg,1,54,160,259,332
V2-4-00002_png.rf.24fed5b907976b6ee51e6851684e721e.jpg,1,310,33,425,159
IMG_20231027_135738_jpg.rf.35243eb5ef420339e5fd774b58137bca.jpg,1,59,186,581,495
IMG_20231011_112300_jpg.rf.9defd2be87d8282856809db948bda6e8.jpg,1,310,300,429,424
IMG_20231011_112300_jpg.rf.9defd2be87d8282856809db948bda6e8.jpg,1,169,100,453,528
IMG_20231027_140601_jpg.rf.7cbfd6b2d24a52829ed0c78a9c877787.jpg,1,70,194,549,494
IMG_20231011_112311_jpg.rf.574e80ab49aba39adc8bbb524eea43c2.jpg,1,45,133,599,474
IMG_20231003_154132_jpg.rf.aea2b2ea483ea25320725d4fdbe5372d.jpg,1,165,219,473,580
IMG_20231025_111639_jpg.rf.0c56e6b9dd6ea5ff5364e41d1db4b934.jpg,1,75,163,553,469
IMG_20231002_143746_jpg.rf.9d1adf2e719ee7b02f61f625cadae115.jpg,1,145,184,355,444
IMG_20231002_143746_jpg.rf.9d1adf2e719ee7b02f61f625cadae115.jpg,1,356,178,566,534
IMG_20231018_113602_jpg.rf.00656d5ac77d7470dc377794ed3a5035.jpg,1,169,95,548,496
IMG_20230927_155123_jpg.rf.16170a84fb83e582d708e562c720a06e.jpg,1,239,88,428,438
IMG_20231012_155212_jpg.rf.2d1bd42cde3840ee02c6dd9a1d586f84.jpg,1,151,139,510,534
IMG_20231003_154136_jpg.rf.f0947f0b21d7448fe25c4a28d99dbde5.jpg,1,193,118,473,556
IMG_20231019_105554_jpg.rf.966a1485f3ec41f2e7488cda2ab58bae.jpg,1,31,163,576,566
IMG_20231026_191140_jpg.rf.45247139eaa6e805300c0202efe084da.jpg,1,39,215,550,513
IMG_20231003_153022_jpg.rf.12a2ed3721932374931b3cff59fa330c.jpg,1,150,95,471,466
IMG_20231003_153022_jpg.rf.12a2ed3721932374931b3cff59fa330c.jpg,1,113,290,319,584
Mix-4-00047_png.rf.4b1414234b7d7dbc61409e53d90b0cb8.jpg,1,274,139,349,276
Mix-4-00047_png.rf.4b1414234b7d7dbc61409e53d90b0cb8.jpg,1,324,83,449,267
Mix-4-00047_png.rf.4b1414234b7d7dbc61409e53d90b0cb8.jpg,1,205,40,365,266
IMG_20231019_105621_jpg.rf.2a41aac1925aeb5fbb60f24fca958f93.jpg,1,155,125,564,526
IMG_20231019_105600_jpg.rf.2c5976e720ad74c16ba7823f320eed9b.jpg,1,114,91,466,596
IMG_20231106_090835_jpg.rf.a96a80783cab0028d351a2213ed8018b.jpg,1,113,38,491,600
IMG_20231005_091014_jpg.rf.b74ac138d7fb220c10f0f0f3b178ea97.jpg,1,71,83,334,481
IMG_20231005_091014_jpg.rf.b74ac138d7fb220c10f0f0f3b178ea97.jpg,1,276,131,548,531
IMG_20231001_155924_1_jpg.rf.a4634098f81cfff0dedec8fc93b8441e.jpg,1,213,81,495,331
IMG_20231001_155924_1_jpg.rf.a4634098f81cfff0dedec8fc93b8441e.jpg,1,36,284,559,590
IMG_20231003_153259_jpg.rf.e019d5f27bef9a20663efbec1b8fc7b8.jpg,1,144,66,506,565
IMG_20231026_191432_jpg.rf.22ddc54e7533fcb84b1a94f27b473d9e.jpg,1,115,86,259,505
IMG_20231026_191432_jpg.rf.22ddc54e7533fcb84b1a94f27b473d9e.jpg,1,204,143,575,479
IMG_20231011_112327_jpg.rf.06e7ca6f9d022ec988cc374a03be028d.jpg,1,158,25,466,525
IMG_20231106_090812_jpg.rf.0ca967b51a5c0aabc89837a09c8a52e0.jpg,1,250,18,619,581
IMG_20231003_153259_jpg.rf.0cb66d0f17e03053dd15b94f6f584710.jpg,1,144,66,506,565
IMG_20231019_105612_jpg.rf.306d61da1c59d70e3d9fd31ad36968ae.jpg,1,45,124,524,544
IMG_20231023_111130_jpg.rf.d08ae6ed97ccd32ff6714743931e2574.jpg,1,55,123,578,598
IMG_20231106_090817_jpg.rf.c384d2e2f4b86ff12b5b1fcf2fb616b4.jpg,1,24,25,403,563
IMG_20231007_113124_jpg.rf.a69e75e8e1cf8cf9a5a6b7d4dddae60b.jpg,1,288,151,465,445
IMG_20231027_140627_jpg.rf.63bab45b87aa9a7c8aa870ee62e8889f.jpg,1,50,225,534,444
IMG_20231103_092542_jpg.rf.bc72eb5466a333764f3fd88e03ffaf09.jpg,1,144,181,338,568
IMG_20231103_092542_jpg.rf.bc72eb5466a333764f3fd88e03ffaf09.jpg,1,235,81,538,541
IMG_20231019_105603_jpg.rf.bc1a8b302491f284f1909d7303d81fcc.jpg,1,124,106,514,516
IMG_20231025_111633_jpg.rf.3aad5169e7e308f3d418bafec5bb961e.jpg,1,169,93,458,526
IMG_20231025_111503_jpg.rf.234cabde214abfaec5bdc69bcd068ff8.jpg,1,130,75,509,576
IMG_20231027_140621_jpg.rf.2c2a9482a0f5246ce23754a47b3bfab4.jpg,1,220,71,565,515
IMG_20231012_155232_jpg.rf.eda4151c40e3fedbd8a37b6f0c896f2a.jpg,1,154,146,521,493
IMG_20231019_105612_jpg.rf.dd9c349d04ef107bc2e54dc271173a9d.jpg,1,45,124,524,544
IMG_20231011_112127_jpg.rf.30b3f6a03a709c8ff0c6d273a641b3dc.jpg,1,123,180,509,640
IMG_20231026_191601_jpg.rf.f32008b047f024a117d79936e102b2d7.jpg,1,19,149,288,531
IMG_20231026_191601_jpg.rf.f32008b047f024a117d79936e102b2d7.jpg,1,261,219,426,508
IMG_20231106_090759_jpg.rf.811e1c0ff0fde3006c58c40e3b7c130d.jpg,1,31,70,593,438
IMG_20231018_113551_jpg.rf.76b7efc09cbc140496c206610f545383.jpg,1,51,129,614,635
IMG_20231020_153617_jpg.rf.8fb6a9ec1becf35985ed9360fc643efe.jpg,1,89,31,599,580
IMG_20230928_103310_jpg.rf.98256852fb31bb7f0a98683ed5ed526d.jpg,1,121,171,463,534
IMG_20230927_155803_jpg.rf.0fb8c8742cb610336076fd7cce3e9994.jpg,1,141,126,449,400
IMG_20231011_112315_jpg.rf.e2bc5eaccad740355c50ed5c2290ef25.jpg,1,53,181,600,610
IMG_20231004_154107_jpg.rf.f974a925d346030bba998b2708fd5e4f.jpg,1,145,94,536,479
IMG_20231010_110102_jpg.rf.ee5616cbab761634da4f304ea13b6a73.jpg,1,184,134,539,531
IMG_20230927_155819_jpg.rf.beabfb931af8b7153d1e620352d04eb1.jpg,1,176,101,421,438
IMG_20231027_135611_jpg.rf.65c04ca2423ebcf1d583bfc14e78aecf.jpg,1,104,128,528,525
IMG_20231011_112132_jpg.rf.2ccd30697082814120015746aec7e414.jpg,1,121,141,481,479
IMG_20231003_154053_jpg.rf.a8836ece185d29482d9b02e7d901bb05.jpg,1,115,69,334,414
IMG_20231003_154053_jpg.rf.a8836ece185d29482d9b02e7d901bb05.jpg,1,329,125,569,533
IMG_20230927_155123_jpg.rf.f5b7a5dc9f1ae4445b161b6b75acf621.jpg,1,239,88,428,438
IMG_20231003_154132_jpg.rf.56d0e7ce75beaed60833fd608a9a557f.jpg,1,165,219,473,580
IMG_20231027_140604_jpg.rf.ad3bf2259dbaa2ba31db2c47b78cfebf.jpg,1,93,180,515,505
IMG_20231027_140604_jpg.rf.ad3bf2259dbaa2ba31db2c47b78cfebf.jpg,1,223,31,410,190
IMG_20230928_103206_jpg.rf.05c2dfeed5ab67f9d3b8e838807b92ad.jpg,1,138,181,511,501
IMG_20231003_154053_jpg.rf.709bd7d85038af8bc85ad5c45d35fce8.jpg,1,115,69,334,414
IMG_20231003_154053_jpg.rf.709bd7d85038af8bc85ad5c45d35fce8.jpg,1,329,125,569,533
IMG_20231027_135824_jpg.rf.5298a80913b057892f572d48302dad9b.jpg,1,150,141,528,460
IMG_20231018_113847_jpg.rf.80b4f179db87e067c4d7b15ab462b8fd.jpg,1,173,153,520,445
IMG_20231027_135833_jpg.rf.92a0338511004d1f8aa69ab875a3b1f3.jpg,1,88,114,520,553
IMG_20231106_091631_jpg.rf.ec297417ef05ec98e7c5da9277acd017.jpg,1,145,179,334,585
IMG_20231106_091631_jpg.rf.ec297417ef05ec98e7c5da9277acd017.jpg,1,265,126,524,558
IMG_20231016_150545_jpg.rf.dfe7d51380cca22d93cd66fd68aada48.jpg,1,180,140,485,483
IMG_20231016_150628_jpg.rf.9ddf0da9d3f58711346fd2a482a06e70.jpg,1,339,99,558,464
IMG_20231019_105609_jpg.rf.77d30dd1e8f3fd49fddc9dae97d0920d.jpg,1,74,103,506,493
IMG_20230927_154935_jpg.rf.cb80bbefc0baec322085462e91e9a3cb.jpg,1,244,204,384,395
IMG_20231002_143625_jpg.rf.ff9c0c22162aeffbef3262e58a7ae611.jpg,1,98,333,509,551
IMG_20231002_143625_jpg.rf.ff9c0c22162aeffbef3262e58a7ae611.jpg,1,189,68,478,330
IMG_20231002_143753_jpg.rf.8b438b212bb6a809af1de4ea2ee92ac3.jpg,1,55,301,486,573
IMG_20231002_143753_jpg.rf.8b438b212bb6a809af1de4ea2ee92ac3.jpg,1,203,164,453,304
IMG_20231027_135807_jpg.rf.4653ca9e0ace48568df5ee3d03e0a2f9.jpg,1,118,70,460,541
IMG_20231003_153225_jpg.rf.900ee566a5c825496f1bad1f2bf2c9f7.jpg,1,165,68,534,489
IMG_20230927_155733_jpg.rf.0adcb65f45a9f767708cf995081bde74.jpg,1,95,131,400,286
IMG_20230927_155733_jpg.rf.0adcb65f45a9f767708cf995081bde74.jpg,1,180,195,490,436
IMG_20231011_112336_jpg.rf.90fc49e3983e8db3139c559128e0c079.jpg,1,231,150,459,599
IMG_20231001_155924_1_jpg.rf.ce53a3a51b344665e09b7db4b3dd1a6d.jpg,1,213,81,495,331
IMG_20231001_155924_1_jpg.rf.ce53a3a51b344665e09b7db4b3dd1a6d.jpg,1,36,284,559,590
IMG_20230928_103228_jpg.rf.ebab80decc1fb7292b45a13dcbb559c0.jpg,1,120,191,521,549
IMG_20231007_113407_jpg.rf.0e34354eb680465b28e4f8a89ee89330.jpg,1,240,106,331,490
IMG_20231007_113407_jpg.rf.0e34354eb680465b28e4f8a89ee89330.jpg,1,296,50,456,494
IMG_20230927_155004_jpg.rf.7ba3184394c20661e05a2cca57ea0f5f.jpg,1,214,246,405,413
IMG_20231018_113538_jpg.rf.b34811ec6f044b182271c84e6616ce2f.jpg,1,36,139,620,496
IMG_20231106_091549_jpg.rf.20aafe1b1f77f5b25b2dd51c3e6f03d4.jpg,1,80,71,335,560
IMG_20231106_091549_jpg.rf.20aafe1b1f77f5b25b2dd51c3e6f03d4.jpg,1,295,138,519,539
IMG_20231016_150620_jpg.rf.b272a389cfae98d3476d7806282303f0.jpg,1,274,179,531,504
IMG_20231019_105630_jpg.rf.9821d69512d291d5a261339a4e02b543.jpg,1,63,229,525,486
IMG_20231012_155232_jpg.rf.0fa3f2fefd1bb1502a4c8089b84b542a.jpg,1,154,146,521,493
IMG_20231106_091549_jpg.rf.c1a540368c55801d1e48f54f16521e84.jpg,1,80,71,335,560
IMG_20231106_091549_jpg.rf.c1a540368c55801d1e48f54f16521e84.jpg,1,295,138,519,539
IMG_20231018_113857_jpg.rf.09ab8de9b97dcfdab3a1beb43df98edd.jpg,1,91,168,525,436
IMG_20230927_155724_jpg.rf.9176d0eee12af5e227b1ebef097ff12a.jpg,1,98,211,406,344
IMG_20230927_155724_jpg.rf.9176d0eee12af5e227b1ebef097ff12a.jpg,1,235,321,486,579
IMG_20231027_140633_jpg.rf.b859d9ba95072ea94309e0bfb4bf7a03.jpg,1,50,113,610,511
IMG_20230928_103206_jpg.rf.7bb958dfb3eebdfc5896a5cfe0c48083.jpg,1,138,181,511,501
IMG_20231011_112137_jpg.rf.0db40cc6d78000fc2bcfaea6413fa097.jpg,1,150,64,506,519
IMG_20231026_191449_jpg.rf.70c2cb0910dfb9c93076d45db9c14d4b.jpg,1,35,20,204,406
IMG_20231026_191449_jpg.rf.70c2cb0910dfb9c93076d45db9c14d4b.jpg,1,150,146,471,383
IMG_20231003_153250_jpg.rf.1153525f071a2296427514b2eaa4a62c.jpg,1,146,84,545,504
IMG_20231007_113124_jpg.rf.7db2f8737e521438aff13f7f97a75198.jpg,1,288,151,465,445
IMG_20231002_144026_1_jpg.rf.d75170ecb5408a968f1125853d58bfb6.jpg,1,125,243,404,500
IMG_20231002_144026_1_jpg.rf.d75170ecb5408a968f1125853d58bfb6.jpg,1,149,91,511,426
IMG_20231012_154745_jpg.rf.773a04d1dde431ab755279eaae8dc3e5.jpg,1,135,84,506,568
IMG_20231011_112152_jpg.rf.caa72df0ce56bca6f6852c52330c7994.jpg,1,141,175,523,595
IMG_20231027_140627_jpg.rf.bddfd71325618ffc6f8ae938eb57ce58.jpg,1,50,225,534,444
IMG_20231106_091504_jpg.rf.a7f410489dfc51a055a4a7c5fba77306.jpg,1,220,51,563,538
IMG_20231106_091504_jpg.rf.a7f410489dfc51a055a4a7c5fba77306.jpg,1,144,111,345,554
IMG_20231018_113851_jpg.rf.51cd11bd98a2ecaa89c20696a1e32f1f.jpg,1,159,103,558,489
IMG_20231026_191528_jpg.rf.99c8ae4ee0c5bc73550ec94350f552c1.jpg,1,118,108,398,540
IMG_20231026_191528_jpg.rf.99c8ae4ee0c5bc73550ec94350f552c1.jpg,1,363,208,584,516
IMG_20231025_111503_jpg.rf.b60fcffeb17450ba0b203256bf3e8a9a.jpg,1,130,75,509,576
IMG_20231004_154107_jpg.rf.20e5df8815d9003e44d5cccf120b6679.jpg,1,145,94,536,479
IMG_20231019_105619_jpg.rf.02b78c8dc03569d9be99f3848a20beec.jpg,1,131,141,529,488
IMG_20231026_191436_jpg.rf.57bc313db95ad5e2215c738c87a9b742.jpg,1,180,126,273,545
IMG_20231026_191436_jpg.rf.57bc313db95ad5e2215c738c87a9b742.jpg,1,238,50,549,525
IMG_20231016_150550_jpg.rf.44e1a3e367bdfb185171222b46ade765.jpg,1,128,180,369,486
IMG_20231005_091046_1_jpg.rf.e7425480a71a643dd236f59b8d025078.jpg,1,114,180,486,573
IMG_20231012_154844_jpg.rf.561b9d74e6821579025f1f3e43eab006.jpg,1,169,126,466,518
IMG_20231018_113602_jpg.rf.7b095c0c50b6c4dc5868f92b17bb4193.jpg,1,169,95,548,496
IMG_20231016_150612_jpg.rf.3968a2a178f8715f774ad6219793494d.jpg,1,283,233,568,513
IMG_20231003_154136_jpg.rf.480fedc39e0c35ab3576cd4598c51f37.jpg,1,193,118,473,556
IMG_20231002_143651_jpg.rf.b09deadfcff8c404d06690514da9d8c9.jpg,1,221,155,548,631
IMG_20231002_143651_jpg.rf.b09deadfcff8c404d06690514da9d8c9.jpg,1,135,60,409,275
IMG_20231019_105617_jpg.rf.f1693c93d4357630cbd95083c84a0ee6.jpg,1,71,128,534,524
IMG_20231026_191520_jpg.rf.272de69def4d3b6505ed4f46b7373304.jpg,1,40,23,218,418
IMG_20231026_191520_jpg.rf.272de69def4d3b6505ed4f46b7373304.jpg,1,191,276,615,499
IMG_20231019_105630_jpg.rf.383a6bc8e911c98718bdd5ac56d1fa28.jpg,1,63,229,525,486
IMG_20231025_111646_jpg.rf.e6fb952ef5f4f42ccb2d47df5d3b19a9.jpg,1,74,105,531,524
IMG_20231007_113332_jpg.rf.6db9cc8743c29ae35d749c38c8449fdf.jpg,1,253,81,401,493
IMG_20231007_113332_jpg.rf.6db9cc8743c29ae35d749c38c8449fdf.jpg,1,394,163,503,476
IMG_20231026_191436_jpg.rf.007105252ccb7389a227534abfd725f0.jpg,1,180,126,273,545
IMG_20231026_191436_jpg.rf.007105252ccb7389a227534abfd725f0.jpg,1,238,50,549,525
IMG_20231001_155903_jpg.rf.9eda50c9019aaddddbfdec8b9e98514b.jpg,1,66,60,295,513
IMG_20231001_155903_jpg.rf.9eda50c9019aaddddbfdec8b9e98514b.jpg,1,274,166,604,471
IMG_20231004_154007_jpg.rf.3b56796e6847e290017da48264ba054f.jpg,1,68,104,320,539
IMG_20231004_154007_jpg.rf.3b56796e6847e290017da48264ba054f.jpg,1,304,56,568,530
IMG_20231010_110307_jpg.rf.85c369c187ac42b865cd10d8a49c14ce.jpg,1,169,96,531,628
IMG_20231027_135611_jpg.rf.71cac429e1d98d60f5d1c1f76d0db213.jpg,1,104,128,528,525
IMG_20231019_105626_jpg.rf.0aa8f761a377410530a48246c73f4b3a.jpg,1,88,115,629,481
IMG_20231012_155123_jpg.rf.eb31b9cb8e76d5fcfafbccc7cd0f400f.jpg,1,131,84,460,616
IMG_20231003_153237_jpg.rf.440ba4fd89fa8005a87fdd9fa4c37a19.jpg,1,143,101,500,544
IMG_20231027_140601_jpg.rf.dd62fdbd34200da97256974a2400bd74.jpg,1,70,194,549,494
IMG_20231012_155234_jpg.rf.7ea0fbb35e67ca489e156abad01618ea.jpg,1,168,158,533,540
IMG_20231011_112149_jpg.rf.8c6da72c94bee411da9757c0baadb3fd.jpg,1,100,128,523,489
IMG_20231012_155214_jpg.rf.e20edf6697bf7bea1d25516b668e2c14.jpg,1,108,190,510,545
IMG_20231011_112315_jpg.rf.d858b471cc6d04cfd80e527db79902b6.jpg,1,53,181,600,610
IMG_20230927_155711_jpg.rf.6a55be0419130bf129d8113925d012e5.jpg,1,51,199,316,548
IMG_20230927_155711_jpg.rf.6a55be0419130bf129d8113925d012e5.jpg,1,323,118,518,486
IMG_20231002_143728_jpg.rf.95c592a84e1aa71e3cd0d89efb3cdffc.jpg,1,111,191,355,513
IMG_20231002_143728_jpg.rf.95c592a84e1aa71e3cd0d89efb3cdffc.jpg,1,349,221,549,606
IMG_20231023_111145_jpg.rf.735399303c3edf1b0ebcf301a758661d.jpg,1,176,129,435,510
IMG_20231012_155217_jpg.rf.3f94bee3c153df792f7c9563ea002e58.jpg,1,105,209,464,596
IMG_20231007_113403_jpg.rf.ac95c6546f64c74c1e0edbba8c34a9bb.jpg,1,229,121,308,475
IMG_20231007_113403_jpg.rf.ac95c6546f64c74c1e0edbba8c34a9bb.jpg,1,269,143,426,476
IMG_20231026_191502_jpg.rf.5d3117d57bc0380af70d774f04b32b2c.jpg,1,209,201,323,524
IMG_20231026_191502_jpg.rf.5d3117d57bc0380af70d774f04b32b2c.jpg,1,305,393,620,611
IMG_20231019_105632_jpg.rf.78f7d40fcbc360640e039b8502a87520.jpg,1,46,230,504,550
IMG_20231106_090803_jpg.rf.13d0bac3547e964ce82c43fbb05ed377.jpg,1,184,103,479,539
IMG_20231005_091014_jpg.rf.fd7debb08a866dcedf66526a4685d1b4.jpg,1,71,83,334,481
IMG_20231005_091014_jpg.rf.fd7debb08a866dcedf66526a4685d1b4.jpg,1,276,131,548,531
IMG_20231027_135828_jpg.rf.caa514e39a8ef08728e9c47d4395112d.jpg,1,131,125,508,508
IMG_20231012_155129_jpg.rf.34826ced3856af21d94b1a19dd7483a6.jpg,1,165,150,474,590
IMG_20231003_153218_jpg.rf.516495fe8944c5eb2d1ca92abe9d8ef9.jpg,1,109,63,521,523
IMG_20231027_135828_jpg.rf.64f55e8208a90e4201494a68931c9838.jpg,1,131,125,508,508
IMG_20231106_090604_jpg.rf.a2e392e33d532966f748607bae4b7247.jpg,1,138,126,506,520
IMG_20230926_145945_jpg.rf.7bc338555ade7bbb20073d48377c2397.jpg,1,194,148,421,494
IMG_20231016_150550_jpg.rf.98a8e7a28eac618066a0874dad77c18d.jpg,1,128,180,369,486
IMG_20231002_143746_jpg.rf.1ba4f17d059b29f692ac10756d7c94d1.jpg,1,145,184,355,444
IMG_20231002_143746_jpg.rf.1ba4f17d059b29f692ac10756d7c94d1.jpg,1,356,178,566,534
IMG_20231003_153241_jpg.rf.750b6d6a0873e5e77e35bba12ee51f5a.jpg,1,158,85,448,534
Mix-3-00001_png.rf.5bde4fe451ca19e03ce1384a84f8e842.jpg,1,149,15,295,180
Mix-3-00001_png.rf.5bde4fe451ca19e03ce1384a84f8e842.jpg,1,215,106,408,323
IMG_20231018_113557_jpg.rf.f0fb607ac9bba3cf41dd9ebf45c2f7b8.jpg,1,158,44,509,606
IMG_20230926_145653_jpg.rf.a499449565dae601c014c788ccb9888b.jpg,1,209,190,449,431
IMG_20231002_143716_jpg.rf.4aa743a36e74d68133db96b23117e558.jpg,1,115,115,319,505
IMG_20231002_143716_jpg.rf.4aa743a36e74d68133db96b23117e558.jpg,1,291,175,556,404
IMG_20231027_140627_jpg.rf.ffe675eb9e4ec7fc6d8f25b3a6e51164.jpg,1,50,225,534,444
IMG_20231007_113407_jpg.rf.302aec187ee2ef6c28d93dd836756aca.jpg,1,240,106,331,490
IMG_20231007_113407_jpg.rf.302aec187ee2ef6c28d93dd836756aca.jpg,1,296,50,456,494
IMG_20231103_092313_jpg.rf.6d3f5baa718e88dd6d2f961b66b6a581.jpg,1,29,151,613,484
IMG_20231106_090607_jpg.rf.d1681747a13c774a954f9bea6068e8d2.jpg,1,203,68,484,524
IMG_20231002_143314_jpg.rf.c843f9601e1ef2230ebdf46942804397.jpg,1,96,165,528,438
IMG_20231026_191601_jpg.rf.424471b0ff9dd03413ee0fe6a2c81cb8.jpg,1,19,149,288,531
IMG_20231026_191601_jpg.rf.424471b0ff9dd03413ee0fe6a2c81cb8.jpg,1,261,219,426,508
IMG_20231011_112114_jpg.rf.a2f8716c51e83d3cf5838c01fb1e3b85.jpg,1,179,153,474,474
IMG_20231012_154821_jpg.rf.6105c5e4bff1c082f8ee5841753ace33.jpg,1,171,90,444,479
IMG_20231002_143346_jpg.rf.449f20d0bd23ee5621dad40117a37453.jpg,1,63,153,565,428
IMG_20231106_090543_jpg.rf.cf74128d3066f46acfd0d9899f00d71b.jpg,1,49,41,381,433
IMG_20230926_145759_jpg.rf.bef0ecbc6288921ca5b6f0dde1382b4f.jpg,1,165,179,488,446
IMG_20231003_154116_jpg.rf.5a99c351f26c8a0571721dcd057bb3d8.jpg,1,121,116,498,531
IMG_20231026_191251_jpg.rf.62ba3ee02ed1bbaa3cba404326273b94.jpg,1,105,155,474,538
IMG_20231026_191327_jpg.rf.b35ed1df16b6c155e32c311ea12589d0.jpg,1,153,55,523,519
IMG_20230926_150304_jpg.rf.2f44ba1dc7dffcdd9ec8fe0880abda86.jpg,1,250,196,405,481
IMG_20231002_143541_jpg.rf.1f47ffbcba819397c581fc505214dc3a.jpg,1,190,165,465,559
IMG_20230927_155758_jpg.rf.914ea955df9b974b5e59338d8f52be5d.jpg,1,175,108,444,451
IMG_20231019_105619_jpg.rf.ab13ba3617984482d707c07a9386d278.jpg,1,131,141,529,488
IMG_20231011_112250_jpg.rf.2c1e96d07292ed5a937fd243838e8247.jpg,1,169,169,478,521
IMG_20231002_143532_jpg.rf.0188326e6d9ed7b06caf982781e8930c.jpg,1,184,153,509,503
V1-3-00017_png.rf.c3d9a306e34034887b420cdb015b99c0.jpg,1,330,35,429,237
IMG_20231009_163800_jpg.rf.8e27fe9c433a04e3fe66de815965693c.jpg,1,158,168,480,608
IMG_20231011_112127_jpg.rf.4185a3bc4842660f4d42387830328e48.jpg,1,123,180,509,640
IMG_20231002_143756_1_jpg.rf.ad64ab5b326b851264f4653f905f4c79.jpg,1,146,216,543,600
IMG_20231008_152809_jpg.rf.f44e4fb362e88addd2e096cff34e117d.jpg,1,23,134,554,570
IMG_20230928_102615_jpg.rf.0cbac92b59c7b339461570d2fd1b0a60.jpg,1,76,149,526,475
IMG_20231002_143435_jpg.rf.7733ee3f65adb741ff34a0b1c63103d3.jpg,1,204,101,448,583
IMG_20231020_153617_jpg.rf.81cb2279cfd35cf1f40c0d5f5883eead.jpg,1,89,31,599,580
IMG_20231106_090732_jpg.rf.f3acf4eb1ece9078bd13a3a875825152.jpg,1,155,64,483,534
IMG_20231004_153650_jpg.rf.dbf8c55430a570c4d3aaa756c0675955.jpg,1,189,108,510,571
IMG_20231027_135712_jpg.rf.a15607caa90d63f41abe5727b5f44204.jpg,1,174,83,466,538
IMG_20231103_092328_jpg.rf.a051a1ed3d4da0911d654a222d0effa8.jpg,1,30,25,399,453
IMG_20231026_191520_jpg.rf.bc8a146d5ebec4f80edf030183a7c40c.jpg,1,40,23,218,418
IMG_20231026_191520_jpg.rf.bc8a146d5ebec4f80edf030183a7c40c.jpg,1,191,276,615,499
IMG_20231012_154824_jpg.rf.ba4c2a82d68b7007de30659401d76170.jpg,1,180,110,430,543
IMG_20231019_105617_jpg.rf.ac01c2c1345b0d0ebe5e3f080c73f3d0.jpg,1,71,128,534,524
IMG_20230925_101832_jpg.rf.fe45e646e2f2cc632f41cb99495a80f5.jpg,1,216,274,408,390
IMG_20231030_111706_jpg.rf.ee1d028983ddc0adc6945a40c28105f1.jpg,1,96,149,565,555
IMG_20230927_155154_jpg.rf.f1d1589f391ccf872ae8496dae98d786.jpg,1,135,148,495,488
IMG_20231027_135559_jpg.rf.5f9cc665a27f10ee1ed01ccfe6bb984f.jpg,1,139,86,460,548
IMG_20230928_102529_jpg.rf.6362ca550ecf5737d3c3b80371ca82b5.jpg,1,176,60,414,483
IMG_20231106_090427_jpg.rf.dbee878ee83967051d6eedfc45bf02e1.jpg,1,435,46,438,49
IMG_20231106_090427_jpg.rf.dbee878ee83967051d6eedfc45bf02e1.jpg,1,290,5,591,469
IMG_20231103_092239_jpg.rf.3837b2f6a2fc76501d1a849f736beaae.jpg,1,60,133,618,446
IMG_20231011_112300_jpg.rf.c7edfd8065edbdf1c44494f2a0b971cc.jpg,1,310,300,429,424
IMG_20231011_112300_jpg.rf.c7edfd8065edbdf1c44494f2a0b971cc.jpg,1,169,100,453,528
IMG_20231019_105600_jpg.rf.9ac2e5a9751cfa3a2f868891caf76a4f.jpg,1,114,91,466,596
IMG_20231027_135820_jpg.rf.326c651062f371cc5ded36d17b99c35b.jpg,1,91,133,571,526
IMG_20231009_163539_jpg.rf.3fc1b5c78010c0fba490ea87bc6bee83.jpg,1,83,130,496,576
IMG_20231004_153713_jpg.rf.7fd5f4f1c669143eee36f0cf94857d1c.jpg,1,101,140,476,524
IMG_20231002_144026_1_jpg.rf.854834ea9321267d61cae00d01c304a4.jpg,1,125,243,404,500
IMG_20231002_144026_1_jpg.rf.854834ea9321267d61cae00d01c304a4.jpg,1,149,91,511,426
IMG_20231003_154046_jpg.rf.d0d7d35e5a31a3c0f936339265b4d733.jpg,1,108,9,545,276
IMG_20231003_154046_jpg.rf.d0d7d35e5a31a3c0f936339265b4d733.jpg,1,116,276,439,539
IMG_20231001_155634_1_jpg.rf.f55506c2f42f6a4491099c89adb8f845.jpg,1,15,98,289,363
IMG_20231001_155634_1_jpg.rf.f55506c2f42f6a4491099c89adb8f845.jpg,1,234,85,581,616
IMG_20231001_155815_jpg.rf.0cf55f401a6c32074c04299408f463cb.jpg,1,35,125,350,438
IMG_20231001_155815_jpg.rf.0cf55f401a6c32074c04299408f463cb.jpg,1,338,94,558,548
IMG_20231004_153905_jpg.rf.456580a7b45606f641fb472b190d7fd8.jpg,1,89,183,589,521
IMG_20231016_150407_jpg.rf.532dec80f9d9144583a048cabd390213.jpg,1,116,191,415,543
IMG_20231012_154834_jpg.rf.851dcd9f868a55957305ca2d854f009c.jpg,1,100,144,529,473
V1-3-00016_png.rf.1121126ad2bc82de9acf1cf19816db35.jpg,1,338,51,443,238
VC-1-00016_png.rf.354df44012f79eaedd5ce7263e4bd2ec.jpg,1,283,90,348,248
IMG_20231004_154056_1_jpg.rf.19e7d082d305283c857b14991c504800.jpg,1,100,144,485,474
IMG_20231027_135820_jpg.rf.985724800f8c8d5e6439e433c5ca32e7.jpg,1,91,133,571,526
IMG_20231026_191432_jpg.rf.5f6320ae10870f2159f10e39935c61fa.jpg,1,115,86,259,505
IMG_20231026_191432_jpg.rf.5f6320ae10870f2159f10e39935c61fa.jpg,1,204,143,575,479
IMG_20231002_143526_jpg.rf.748b58948b57d6db9d126e175aff022f.jpg,1,189,73,546,526
IMG_20231002_143728_jpg.rf.579ec199b1533b4f3b4924b2755e3b48.jpg,1,111,191,355,513
IMG_20231002_143728_jpg.rf.579ec199b1533b4f3b4924b2755e3b48.jpg,1,349,221,549,606
IMG_20231026_191506_jpg.rf.12c0ee451ea43e003f7bf3642cbedb11.jpg,1,218,78,368,445
IMG_20231026_191506_jpg.rf.12c0ee451ea43e003f7bf3642cbedb11.jpg,1,329,258,623,493
IMG_20231023_111056_jpg.rf.15e5c48162126d7b24caa32f6e6851cb.jpg,1,128,108,416,581
IMG_20231106_090512_jpg.rf.ad1c77d71a4f349af75deae7b726eeef.jpg,1,49,320,419,610
IMG_20231012_154931_jpg.rf.c63309482e94345337276b5aa38f746f.jpg,1,71,159,554,439
IMG_20231008_152536_jpg.rf.a043360bd3169f77465f68f998a8ce40.jpg,1,103,140,525,555
IMG_20231016_150557_jpg.rf.48dcc20355e604e5a74596ec950ffd7d.jpg,1,86,101,335,483
IMG_20230926_145716_jpg.rf.2a413abff4600003ba928663907d51af.jpg,1,260,88,435,536
IMG_20231016_150458_jpg.rf.b4d7280bec855b3af4e3218ed789c031.jpg,1,186,175,431,491
IMG_20231012_155212_jpg.rf.99081c6078c46572f4938b6ded9e71d5.jpg,1,151,139,510,534
IMG_20231027_135608_jpg.rf.b6063f5979c68adc065262993401bf67.jpg,1,51,138,533,470
IMG_20231009_163548_1_jpg.rf.e23f828f9d0ccb6b4e166b2aab364143.jpg,1,120,176,469,566
IMG_20230928_102517_jpg.rf.f9d89e0ab6a79afff49630d0a5b310d5.jpg,1,188,113,451,476
IMG_20231025_111630_jpg.rf.a75e11a6b4f50912c8aa349585547e43.jpg,1,159,73,466,556
IMG_20231003_153043_jpg.rf.421d153a68de13af58810eadf4ae7d43.jpg,1,121,40,566,595
IMG_20231010_110214_1_jpg.rf.55cf016b5ae7069ec0a210b53770049e.jpg,1,28,119,544,526
IMG_20231003_153651_jpg.rf.1e629998e46a02f18426ca009b5c14c5.jpg,1,130,216,301,555
IMG_20231003_153651_jpg.rf.1e629998e46a02f18426ca009b5c14c5.jpg,1,286,189,495,435
IMG_20231026_191059_jpg.rf.26b5ea6f79d247ce57d3740037c4bd32.jpg,1,115,95,535,499
IMG_20231023_111124_jpg.rf.397f4b88b90b4a7cdcae077b30c5f486.jpg,1,55,163,640,431
IMG_20231007_113350_jpg.rf.a6ec58c8757516bf9f3b469b7fbee73f.jpg,1,104,133,376,536
IMG_20231007_113350_jpg.rf.a6ec58c8757516bf9f3b469b7fbee73f.jpg,1,283,73,410,453
IMG_20231027_135720_jpg.rf.ba254037c20a8df8a0723dce085100db.jpg,1,154,130,415,509
V2-3-00034_png.rf.e0806bbd5e0ce2ee8c09baedf9a51133.jpg,1,240,33,329,171
V2-3-00034_png.rf.e0806bbd5e0ce2ee8c09baedf9a51133.jpg,1,319,113,573,292
IMG_20231009_163756_jpg.rf.84c880dd3722a3e819ab43b5363a1c80.jpg,1,151,111,491,595
IMG_20231002_144026_1_jpg.rf.9b3a9dff2653b0c69b4d462a26ba22b8.jpg,1,125,243,404,500
IMG_20231002_144026_1_jpg.rf.9b3a9dff2653b0c69b4d462a26ba22b8.jpg,1,149,91,511,426
IMG_20231103_092247_jpg.rf.168fce08f0612e0f5084f357f0104da1.jpg,1,184,79,488,525
IMG_20231008_153105_jpg.rf.05750732e58065139f4cfb95ec43fd66.jpg,1,123,123,458,533
IMG_20231011_112114_jpg.rf.fdc40fa4ddfdc89b2ff08c976168fd2f.jpg,1,179,153,474,474
IMG_20231103_092607_jpg.rf.a2707413fe294324906e5023cca07b9e.jpg,1,79,23,454,503
IMG_20231103_092607_jpg.rf.a2707413fe294324906e5023cca07b9e.jpg,1,18,161,284,546
IMG_20231106_090817_jpg.rf.d8fc791575e59887e0c231171f280d30.jpg,1,24,25,403,563
IMG_20231018_113546_jpg.rf.beadfc983317cfad8d565226457b2f49.jpg,1,46,175,596,534
Mix-4-00035_png.rf.0bb6a46a14a4488ce3c32dc0e473faee.jpg,1,291,160,356,308
Mix-4-00035_png.rf.0bb6a46a14a4488ce3c32dc0e473faee.jpg,1,348,75,490,292
Mix-4-00035_png.rf.0bb6a46a14a4488ce3c32dc0e473faee.jpg,1,218,35,399,252
IMG_20231016_150515_jpg.rf.fe94541e463784c0ca7b7b45a1c9f8f3.jpg,1,323,95,574,480
IMG_20231020_153607_jpg.rf.8c9a05beb0398f64680e55cfc037a737.jpg,1,49,144,600,475
IMG_20231106_090543_jpg.rf.8703b13cfb7acd19837ae0f3e1aae315.jpg,1,49,41,381,433
IMG_20231007_113407_jpg.rf.3b5aea0c4d7b14d77d4cb3fd120fa8d8.jpg,1,240,106,331,490
IMG_20231007_113407_jpg.rf.3b5aea0c4d7b14d77d4cb3fd120fa8d8.jpg,1,296,50,456,494
IMG_20230926_150333_jpg.rf.4a36c4181ae5a295ba78b723bc3fa6e0.jpg,1,214,230,394,423
IMG_20231012_154844_jpg.rf.587c5c1b2938e2696d435c0b0c4a345d.jpg,1,169,126,466,518
IMG_20231009_163733_jpg.rf.1974d2d64fb9079e0a88a67c4669df8a.jpg,1,103,149,596,500
IMG_20231002_143651_jpg.rf.551ae0cf07d1af839fb6f8db6dfb1449.jpg,1,221,155,548,631
IMG_20231002_143651_jpg.rf.551ae0cf07d1af839fb6f8db6dfb1449.jpg,1,135,60,409,275
IMG_20231027_135555_jpg.rf.87417acdd25a2c977f0286ea4e4edcfc.jpg,1,113,65,483,528
IMG_20231004_154007_jpg.rf.b6b4d0e40f08e99095cd671a2cfdd111.jpg,1,68,104,320,539
IMG_20231004_154007_jpg.rf.b6b4d0e40f08e99095cd671a2cfdd111.jpg,1,304,56,568,530
IMG_20231020_153650_jpg.rf.b3eea2ef86ba9c47df4ef9919d688e74.jpg,1,131,73,555,554
IMG_20230928_103310_jpg.rf.799e37eea3ee67f8b8878835d2e3e762.jpg,1,121,171,463,534
IMG_20231020_153631_jpg.rf.6b8470acec03859c7936b650752354e4.jpg,1,170,16,506,555
IMG_20230928_102556_jpg.rf.df50ab9d868f7719d6e601f1a06fc7a5.jpg,1,179,159,374,511
IMG_20231106_090835_jpg.rf.776c9662a745a798fe493f0a2988a350.jpg,1,113,38,491,600
IMG_20230927_155807_jpg.rf.59715428e8d814efedeea7e03e2ebacd.jpg,1,209,151,488,515
IMG_20230927_154846_jpg.rf.5473f90701ccc5bf234a78dcbcb1209d.jpg,1,301,229,424,385
V2-1-00017_png.rf.ed4e7e234f8502244574ebe97bd6a472.jpg,1,191,61,323,229
V2-1-00017_png.rf.ed4e7e234f8502244574ebe97bd6a472.jpg,1,346,174,445,286
IMG_20230926_145756_jpg.rf.0d1d10bb6a6dfa03ba8072908c304ed3.jpg,1,154,220,475,456
IMG_20231023_111127_jpg.rf.161f82f6fc6c242845da3b8ef813abb1.jpg,1,38,190,598,530
IMG_20231001_155747_jpg.rf.8b326294d86d32fb0bbbea6829a72862.jpg,1,240,148,581,596
IMG_20231001_155747_jpg.rf.8b326294d86d32fb0bbbea6829a72862.jpg,1,16,39,366,399
IMG_20230926_145827_jpg.rf.81b20dea3ab147f3396a3c5018a27d62.jpg,1,158,176,435,474
IMG_20231027_135851_jpg.rf.d990b3a41ec66152f06e1cf8451fcef2.jpg,1,53,180,535,476
IMG_20231010_110037_1_jpg.rf.29dc98af556aad70e5d471b4cf772440.jpg,1,105,133,460,569
Mix-1-00019_png.rf.256d6e102fe75edb5314a820378b8637.jpg,1,216,54,385,169
Mix-1-00019_png.rf.256d6e102fe75edb5314a820378b8637.jpg,1,270,159,303,228
Mix-1-00019_png.rf.256d6e102fe75edb5314a820378b8637.jpg,1,308,114,458,331
Mix-1-00019_png.rf.256d6e102fe75edb5314a820378b8637.jpg,1,0,0,29,71
IMG_20231106_090430_jpg.rf.d0bf38ff0c07100033523530095ddae5.jpg,1,89,28,381,480
V2-4-00039_png.rf.01ee1ae36e4991016fd6cc3695e58c04.jpg,1,113,65,309,274
V2-4-00039_png.rf.01ee1ae36e4991016fd6cc3695e58c04.jpg,1,309,96,384,277
IMG_20231016_150545_jpg.rf.819ca14dde93f2855de4f969b1d61b81.jpg,1,180,140,485,483
IMG_20231007_113332_jpg.rf.1cc7c984776aa2b1e9e924048447eb97.jpg,1,253,81,401,493
IMG_20231007_113332_jpg.rf.1cc7c984776aa2b1e9e924048447eb97.jpg,1,394,163,503,476
IMG_20231004_153909_jpg.rf.e664653aad655c7d91500f3d6ba3acdd.jpg,1,84,145,583,513
IMG_20230926_150115_jpg.rf.e4bea7186e8143b93b1c58f5896d9917.jpg,1,171,205,409,463
IMG_20231027_135753_jpg.rf.1ec8a183ae999dd121c792737904ff65.jpg,1,168,78,476,541
IMG_20231002_143309_jpg.rf.d900cc7fa5b74da0224938a26f8e9d74.jpg,1,71,195,535,424
IMG_20231002_143325_jpg.rf.f9979386c08f492f7d1c6be8ebbfe221.jpg,1,186,98,484,561
IMG_20231005_091010_jpg.rf.7871bb72374cd42e99e9fdd4078b0c70.jpg,1,29,100,338,433
IMG_20231005_091010_jpg.rf.7871bb72374cd42e99e9fdd4078b0c70.jpg,1,288,141,600,473
IMG_20231012_155123_jpg.rf.b4d48ceaf867c568a272f9e030e19ade.jpg,1,131,84,460,616
IMG_20231003_152530_1_jpg.rf.94e65f4b9f529065759ac1f79d4c331d.jpg,1,115,156,521,498
IMG_20231002_143728_jpg.rf.d78f83a5b789f312567fae2d1a535952.jpg,1,111,191,355,513
IMG_20231002_143728_jpg.rf.d78f83a5b789f312567fae2d1a535952.jpg,1,349,221,549,606
IMG_20231106_091602_jpg.rf.e8afaf98253d0ceeba04438fd7a478a7.jpg,1,86,79,334,534
IMG_20231106_091602_jpg.rf.e8afaf98253d0ceeba04438fd7a478a7.jpg,1,283,110,501,511
IMG_20231004_154112_jpg.rf.111b644240923782bf32bbbd4621d94d.jpg,1,166,188,521,529
IMG_20231026_191233_jpg.rf.e1ff094f162b0687369048df558669db.jpg,1,140,180,395,556
IMG_20230928_102615_jpg.rf.a2ad6462d5a1a6752b1b6dad08aa6d4d.jpg,1,76,149,526,475
IMG_20231007_113403_jpg.rf.5a89bb7096632f9c383ae02887cb811a.jpg,1,229,121,308,475
IMG_20231007_113403_jpg.rf.5a89bb7096632f9c383ae02887cb811a.jpg,1,269,143,426,476
IMG_20231030_111739_jpg.rf.8a91e1e7214ffa1c5fc643913d3c2b7b.jpg,1,76,114,619,443
IMG_20231008_152605_jpg.rf.a1fb454e8716f10766d64701bb69a17f.jpg,1,116,126,478,571
IMG_20231002_143637_1_jpg.rf.4e2f79ea0534aa45211fdd7fdc9bfdfb.jpg,1,89,124,338,558
IMG_20231002_143637_1_jpg.rf.4e2f79ea0534aa45211fdd7fdc9bfdfb.jpg,1,341,118,618,553
IMG_20231027_140601_jpg.rf.b5b9bf2af42ffd0daea8cce34f4d4221.jpg,1,70,194,549,494
IMG_20231016_150458_jpg.rf.6c9908b3fc80086b45ceb785b9a9d12e.jpg,1,186,175,431,491
IMG_20231011_112336_jpg.rf.6e06705ed77b5eddcb5b9f1c8f548472.jpg,1,231,150,459,599
IMG_20231106_090702_jpg.rf.15ce0b7f58a758b2f2f510a1ee10b735.jpg,1,275,23,608,491
IMG_20231027_135626_jpg.rf.1f8480f970a34ce210ef75be3a68a579.jpg,1,176,108,478,618
IMG_20231002_143317_1_jpg.rf.557a3a3b44d8ebc704fa7e3b6d04e475.jpg,1,121,146,500,486
IMG_20231005_090958_jpg.rf.a57cdd4ed2b555cb69fbb999d92eccd9.jpg,1,31,205,349,591
IMG_20231005_090958_jpg.rf.a57cdd4ed2b555cb69fbb999d92eccd9.jpg,1,234,163,539,538
IMG_20231016_150541_jpg.rf.a905a4e40fa921a99bdf3e134829c509.jpg,1,188,290,469,615
IMG_20231001_155639_jpg.rf.19b5c7612a63151df3980d33e5c195f7.jpg,1,45,74,306,430
IMG_20231001_155639_jpg.rf.19b5c7612a63151df3980d33e5c195f7.jpg,1,241,75,514,590
IMG_20231010_110043_jpg.rf.333760ca4fa8f44bb8805fb436772add.jpg,1,106,146,509,551
IMG_20231004_154150_jpg.rf.96f91072b4cda47c9b7b33bfbd0697d5.jpg,1,180,123,440,478
IMG_20231011_112331_jpg.rf.69c6a3944c1a746117676789f4879d7c.jpg,1,195,110,485,605
IMG_20230925_101911_jpg.rf.8827f8156bd6b6090c910e99b0921bf7.jpg,1,285,234,393,406
IMG_20231023_111145_jpg.rf.f427199bb23d96c5b42e117367cd728b.jpg,1,176,129,435,510
IMG_20231027_135753_jpg.rf.126d00c5568fa62fefba5523dddfd69e.jpg,1,168,78,476,541
IMG_20231004_153658_1_jpg.rf.502daadfca126c9c37797308f233f2ca.jpg,1,186,75,473,493
IMG_20231106_090649_jpg.rf.93414eeb059113a876391a7e587caf6b.jpg,1,38,116,574,479
IMG_20231106_090417_jpg.rf.4c543e5f9b01120bd5cc4efa2515d9c6.jpg,1,166,71,455,536
IMG_20231008_152605_jpg.rf.a5ee9dad4ff49d87e77c8e6f15505730.jpg,1,116,126,478,571
IMG_20231030_111635_jpg.rf.22346ee9d58b761afacfa89c3a6de451.jpg,1,95,24,504,604
IMG_20231030_111656_jpg.rf.900bbdc65bca78d93ac44b39ea411b04.jpg,1,118,63,553,560
IMG_20231026_191311_jpg.rf.f2ccfebc238ab2a6c609981011772d9d.jpg,1,231,66,409,534
IMG_20231008_152543_jpg.rf.d5d728be8d99c2e2a8c1e7d094c4757f.jpg,1,109,156,514,559
IMG_20231008_152605_jpg.rf.85891774e4709e965c59887d27f3f8e8.jpg,1,116,126,478,571
IMG_20230925_101923_jpg.rf.5a54b2a73abf5d259e45475e7c020100.jpg,1,289,218,373,408
IMG_20231026_191502_jpg.rf.815ba578e34dd1810b548cf41f16531c.jpg,1,209,201,323,524
IMG_20231026_191502_jpg.rf.815ba578e34dd1810b548cf41f16531c.jpg,1,305,393,620,611
IMG_20230926_150027_jpg.rf.4859450ec155a6744df14c0e7853933c.jpg,1,196,228,448,466
IMG_20231010_110219_jpg.rf.07be4f26422994b730a4a9f9aa7c47ec.jpg,1,80,213,521,551
IMG_20231027_135833_jpg.rf.804c910c7553216a3f859afd937d774d.jpg,1,88,114,520,553
IMG_20231012_155129_jpg.rf.c67a4998a4662f81039bfc29ddde68ad.jpg,1,165,150,474,590
IMG_20231001_155630_1_jpg.rf.d908d80da456e987c9065c390e19416c.jpg,1,80,288,439,598
IMG_20231001_155630_1_jpg.rf.d908d80da456e987c9065c390e19416c.jpg,1,134,93,578,364
IMG_20231003_154112_jpg.rf.5a6698ff1d528cdaa6b21de1d52f193f.jpg,1,94,188,526,484
IMG_20231016_150510_jpg.rf.95c08db5abae0a7034c1fcede4dbfe12.jpg,1,215,59,450,494
IMG_20230927_155004_jpg.rf.2cb973fde1a89518a66d205497c50c48.jpg,1,214,246,405,413
IMG_20230927_155159_jpg.rf.19717b628908086f24d9b6689ae325bd.jpg,1,246,181,509,479
IMG_20231027_135716_jpg.rf.3f93c2aa8cde7ea4a2b58fc5cf5a9e90.jpg,1,176,133,470,470
IMG_20231011_112132_jpg.rf.31be09ae8fd3fa8823d7f0e0ce37a3f7.jpg,1,121,141,481,479
IMG_20231103_092244_jpg.rf.60e981f3c7992f6b9e7b2a8899e5a096.jpg,1,150,105,534,540
IMG_20231103_092320_jpg.rf.e5e7280d017c7cb4d9a04bf53edacfa5.jpg,1,214,39,443,523
IMG_20231016_150520_jpg.rf.b0bcfc33ceacb3a8728dce93f42a82e8.jpg,1,175,255,291,303
IMG_20231016_150520_jpg.rf.b0bcfc33ceacb3a8728dce93f42a82e8.jpg,1,179,111,283,191
IMG_20231016_150520_jpg.rf.b0bcfc33ceacb3a8728dce93f42a82e8.jpg,1,245,73,471,580
IMG_20231106_090607_jpg.rf.e4fbf26f225cf2a5616410360225b795.jpg,1,203,68,484,524
IMG_20231023_110954_jpg.rf.f106e52afbf2cab6c880f2671c3e720f.jpg,1,153,95,489,630
V1-4-00002_png.rf.c948bb1503e23e8c5ee937e75c163dcc.jpg,1,259,119,380,225
IMG_20231018_113829_jpg.rf.d9fedae80af8c492c8522789a6217ad2.jpg,1,159,115,501,539
IMG_20231026_191251_jpg.rf.1b24e1e2bb71cecf3973dab84940c022.jpg,1,105,155,474,538

IMG_20230926_145705_jpg.rf.5cc0eaf44942861a5282f9bf5474b6d6.jpg,1,188,108,411,435
IMG_20231106_090817_jpg.rf.a92bb3bcaa9edd273c9bf5d9e76821e1.jpg,1,24,25,403,563
IMG_20231106_090628_jpg.rf.f2a0cdb66632fa76a946859e48e5de71.jpg,1,299,331,633,608
IMG_20231008_153105_jpg.rf.ef7bb54d16608663ba1d6c93f38acd01.jpg,1,123,123,458,533
IMG_20231003_154108_jpg.rf.5afb80cfda09e6f472678353e335b3c4.jpg,1,91,105,634,509
IMG_20231027_135620_jpg.rf.cc3ee591407b325a625271b441f6e703.jpg,1,154,66,509,634
IMG_20231010_110237_jpg.rf.6e9de6a7b447ccd8311d7899f4adf209.jpg,1,170,61,520,568
IMG_20231103_092404_jpg.rf.58d1675e089bb1517deab3d8e70d43df.jpg,1,8,268,513,583
IMG_20231103_092328_jpg.rf.9db84a3136bae6bfaa3bf99c87989e92.jpg,1,30,25,399,453
IMG_20231002_143353_jpg.rf.f8eef75b9f8bc721eebe6c233f74d3ca.jpg,1,99,160,561,509
IMG_20230926_150233_jpg.rf.34d3c63c7ddec7f18b7f1c60ea56e478.jpg,1,190,273,485,485
IMG_20231023_111033_jpg.rf.562573b70fa5f9f7f0411fcdfebd1213.jpg,1,128,39,444,560
IMG_20231025_111459_jpg.rf.9a384ca23f42318ec482ae3e508d5c1e.jpg,1,185,66,529,613
IMG_20231106_090451_jpg.rf.c83fe0e900edfe8f6abbbcfeb273d175.jpg,1,99,38,489,568
IMG_20230927_155724_jpg.rf.b672bdf021f77b500ff270955190a793.jpg,1,98,211,406,344
IMG_20230927_155724_jpg.rf.b672bdf021f77b500ff270955190a793.jpg,1,235,321,486,579
IMG_20231019_105626_jpg.rf.ebce15515fe467e44fe8e35cd0c3625d.jpg,1,88,115,629,481
IMG_20231011_112336_jpg.rf.0504fb1d910afec695b473b9afdef780.jpg,1,231,150,459,599
IMG_20230927_155829_jpg.rf.a083b667b0849a7682152e891e9ed60d.jpg,1,195,146,439,430
IMG_20231106_091641_jpg.rf.285323405faadc5f0d73f8133c79e1f7.jpg,1,175,46,458,548
IMG_20231106_091641_jpg.rf.285323405faadc5f0d73f8133c79e1f7.jpg,1,104,134,278,569
IMG_20230928_102621_jpg.rf.ee3ba0499707df7253e3f800ee13f8a1.jpg,1,171,204,514,504
IMG_20231008_152600_jpg.rf.934972f1d82e49dfcfa371d6f65494c7.jpg,1,95,125,521,540
IMG_20231020_153631_jpg.rf.c4eeddb93b394088c2b6b43be6e5cc20.jpg,1,170,16,506,555
IMG_20231018_113623_jpg.rf.d78210134c55f7f964ada439905ccda7.jpg,1,39,49,619,539
IMG_20231018_113538_jpg.rf.157eb737c7f0546d2a62093f778490c3.jpg,1,36,139,620,496
IMG_20231023_111045_jpg.rf.eef619152a799c77893bf513525dab27.jpg,1,71,138,619,481
IMG_20231016_150612_jpg.rf.7c22e39689cf62f1f7f10ecf672dc568.jpg,1,283,233,568,513
IMG_20231030_111818_jpg.rf.a75601426683feed8b244dec002f2585.jpg,1,128,48,541,553
IMG_20231019_105526_jpg.rf.416eb64abc8857023c5cb2fc983a5fb7.jpg,1,39,188,614,564
IMG_20231019_105526_jpg.rf.416eb64abc8857023c5cb2fc983a5fb7.jpg,1,188,4,411,214
IMG_20231003_154056_jpg.rf.1db3d43e96bf447eefba210bfb4f6edc.jpg,1,184,106,364,425
IMG_20231003_154056_jpg.rf.1db3d43e96bf447eefba210bfb4f6edc.jpg,1,339,161,534,496
IMG_20231016_150520_jpg.rf.94b2605d08ddc99186c0db659f00bfbd.jpg,1,175,255,291,303
IMG_20231016_150520_jpg.rf.94b2605d08ddc99186c0db659f00bfbd.jpg,1,179,111,283,191
IMG_20231016_150520_jpg.rf.94b2605d08ddc99186c0db659f00bfbd.jpg,1,245,73,471,580
IMG_20231018_113616_jpg.rf.d6f82d401327e235c0f2aa4979664fb7.jpg,1,216,69,579,629
IMG_20231016_150545_jpg.rf.ba3f859b16e2efd7d3ad5794cf231110.jpg,1,180,140,485,483
IMG_20231004_154150_jpg.rf.8563fe331a50389c0bb32c320fbafef1.jpg,1,180,123,440,478
IMG_20231004_153654_jpg.rf.9f0ea10f423f4f0f30bee2475197cf7a.jpg,1,174,174,474,575
IMG_20230928_102636_jpg.rf.745752c6511953a7e7087d9c0b84be48.jpg,1,229,154,455,499
IMG_20230925_101938_jpg.rf.3edbb6bf5a11947a7a257a4aacf28576.jpg,1,234,276,431,374
IMG_20231009_163416_jpg.rf.c557dc8be406d7126e1c4f13db3ca35a.jpg,1,153,146,489,538
IMG_20231030_111646_jpg.rf.cd4e717eeb176461eb6193a6f8227e4a.jpg,1,64,116,545,468
IMG_20231012_155129_jpg.rf.b7a9840092d6cc7537cc320fd864347c.jpg,1,165,150,474,590
IMG_20231012_155214_jpg.rf.8cfc8cb63fc6d8945334aa941ca5b1de.jpg,1,108,190,510,545
IMG_20231030_111811_jpg.rf.3487e406591f2dc7464e12a04523f9f5.jpg,1,160,10,548,555
IMG_20231010_110019_jpg.rf.aa78dfa5148d93e9386444db0f3926a9.jpg,1,153,201,483,545
IMG_20231023_111039_jpg.rf.599f503f95ab69681ba57758e5ea5857.jpg,1,148,43,458,526
IMG_20230927_155129_jpg.rf.99d48991b7fb95add87cedbb2b007759.jpg,1,200,253,453,413
IMG_20231008_153034_jpg.rf.12d62baf35f9637be490a503143c4881.jpg,1,126,94,526,594
IMG_20230928_103228_jpg.rf.3c0924c609e474dd3aa88a45ba778965.jpg,1,120,191,521,549
IMG_20230928_103228_jpg.rf.6d2c217ad6958ee3a03aeef09de5363c.jpg,1,120,191,521,549
IMG_20230927_155751_jpg.rf.ef0f5cdccd9b4e246093340e79636989.jpg,1,163,116,485,433
IMG_20231008_152814_jpg.rf.6bb437d340413aee322496176be8af11.jpg,1,68,210,490,526
IMG_20231008_152748_1_jpg.rf.c44b75cd107e1e9302e216a6561c2a2a.jpg,1,210,165,460,563
IMG_20231001_155432_jpg.rf.f7fa626dfe2cd3195d5f840306d92cad.jpg,1,55,106,499,514
IMG_20231007_113309_jpg.rf.f574724e1c30f09753302c65b9729623.jpg,1,253,51,403,538
IMG_20231007_113309_jpg.rf.f574724e1c30f09753302c65b9729623.jpg,1,270,389,293,433
IMG_20231007_113309_jpg.rf.f574724e1c30f09753302c65b9729623.jpg,1,301,311,348,378
IMG_20231007_113309_jpg.rf.f574724e1c30f09753302c65b9729623.jpg,1,361,119,510,288
IMG_20231009_163806_jpg.rf.6d60ec479f31803993a6150dc0a8f271.jpg,1,215,153,484,628
IMG_20231106_090455_jpg.rf.9df1168fe1ce20eaf748a003cf1f1f66.jpg,1,130,78,504,548
IMG_20231004_153840_jpg.rf.a1ee144fedccfa8d8ea6b1b93180b604.jpg,1,149,166,465,501
IMG_20231025_111512_jpg.rf.2470bee1a8d5ee01bdcf03235c57cec0.jpg,1,129,145,493,554
IMG_20231018_113637_jpg.rf.58a499843fdb16c9875b09091e9b0c38.jpg,1,188,76,486,539
IMG_20231025_111542_jpg.rf.a480b045ba0c2cfb260ce455c2e95a66.jpg,1,118,61,504,601
IMG_20231019_105632_jpg.rf.82829326deabfb3f0742297ce4a42fa9.jpg,1,46,230,504,550
IMG_20231019_105617_jpg.rf.92ca8b4a384b90184bc9b3c44265b275.jpg,1,71,128,534,524
IMG_20231009_163442_jpg.rf.f05d051108256599ddc34a8fcd52f734.jpg,1,136,148,500,473
IMG_20231018_113851_jpg.rf.3b22d999467de83140683e56eead610e.jpg,1,159,103,558,489
IMG_20231103_092349_jpg.rf.4343c8c7df393d36831033fa24963d34.jpg,1,104,255,293,435
IMG_20231103_092349_jpg.rf.4343c8c7df393d36831033fa24963d34.jpg,1,190,144,543,528
IMG_20231030_111637_jpg.rf.afa0c02d695614011fdd5f55bf6777b4.jpg,1,136,23,531,465
IMG_20231106_090628_jpg.rf.a15586f606b0d577207b6927dfbcc4f3.jpg,1,299,331,633,608
IMG_20231106_090620_jpg.rf.d35fd8a9936590d98eeb2d97c29fcb39.jpg,1,0,48,435,400
IMG_20230927_154915_jpg.rf.6e9d4b8dc5034776bc67abf34c0e0979.jpg,1,244,179,418,448
IMG_20231103_092301_jpg.rf.bf8ff8801cbe19856a127f1f991b2e38.jpg,1,280,124,623,618
IMG_20231106_090540_jpg.rf.12523e2161c29adf280ade8db55a3f19.jpg,1,255,41,614,456
IMG_20231002_143435_jpg.rf.a3ec2e21517f1462756bd8eb663cc607.jpg,1,204,101,448,583
IMG_20231023_111045_jpg.rf.fc06d83716906890c01fd075a5ce83de.jpg,1,71,138,619,481
IMG_20231008_152809_jpg.rf.d2a4e54db41943dbbcff5fb10f8d4649.jpg,1,23,134,554,570
IMG_20231010_110013_jpg.rf.bbbd03d55d85a08064fb78ce1f699ff8.jpg,1,145,130,525,579
V2-3-00033_png.rf.329be762838e4fbd016befb9b62d82c7.jpg,1,231,36,321,176
V2-3-00033_png.rf.329be762838e4fbd016befb9b62d82c7.jpg,1,309,131,564,308
IMG_20231027_135738_jpg.rf.00baba530a0a729ebe71712e53c6b55a.jpg,1,59,186,581,495
IMG_20230925_101838_jpg.rf.f42c9900ea788fcdff38e9358b98f2e5.jpg,1,231,249,400,401
IMG_20231012_155154_jpg.rf.2d173f37fbfb939db632953a19c97881.jpg,1,156,159,484,528
IMG_20231012_155110_jpg.rf.c7f916a93a905c5274f5d2d20188df13.jpg,1,35,156,555,480
IMG_20231106_091641_jpg.rf.c8a2a88930e7424a9d372c679e5d1415.jpg,1,175,46,458,548
IMG_20231106_091641_jpg.rf.c8a2a88930e7424a9d372c679e5d1415.jpg,1,104,134,278,569
IMG_20230926_145846_jpg.rf.28593e7e2006b54c075aeea9b18f252b.jpg,1,248,130,436,609
IMG_20231004_154126_1_jpg.rf.52bcaee1bac4901f95f4cb75c606d2fa.jpg,1,175,111,560,459
IMG_20230927_155833_jpg.rf.e943e63950ad7c94eb14ab1e4a9bcb7a.jpg,1,250,148,470,433
IMG_20231004_154131_jpg.rf.69a36cb5207c1540eb89de01508ca4c6.jpg,1,159,121,480,516
IMG_20231027_135559_jpg.rf.aa66dd8e04e9010ab0f471a79f62d02a.jpg,1,139,86,460,548
IMG_20231010_110250_jpg.rf.104d5e0714c8092909f6e11278e78695.jpg,1,35,116,625,546
IMG_20231010_110223_jpg.rf.6b2d1fd7616cbf85f70a37cebc4c28d1.jpg,1,104,48,498,524
IMG_20231030_111656_jpg.rf.0116c41357eefd4591b987e30b414a06.jpg,1,118,63,553,560
IMG_20231103_092301_jpg.rf.aa8d3d5954ed44bf91c1999842df7ffa.jpg,1,280,124,623,618
IMG_20231001_155634_1_jpg.rf.bb8431cce36c44cb0422175ad0543e03.jpg,1,15,98,289,363
IMG_20231001_155634_1_jpg.rf.bb8431cce36c44cb0422175ad0543e03.jpg,1,234,85,581,616
V1-1-00046_png.rf.fd693b335663bdfd98aad4b3e0926989.jpg,1,329,11,374,312
IMG_20231027_140616_jpg.rf.cf8c25439f8311f45d89a485597a9b13.jpg,1,168,81,449,475
IMG_20231027_135720_jpg.rf.edbb1a326b809df5f13d4563ebaa4159.jpg,1,154,130,415,509
IMG_20231027_135837_jpg.rf.6c1c42c0fcf54b7d503642bea73c2e1f.jpg,1,160,166,518,510
IMG_20231106_090713_jpg.rf.106d1ed73e69c5b910d70a2a35ad951b.jpg,1,328,198,626,628
IMG_20231106_090759_jpg.rf.a01ab19ea80548b79745676e94095069.jpg,1,31,70,593,438
IMG_20231025_111524_jpg.rf.f9557a61eae967674b372859b62f61d4.jpg,1,23,148,555,515
IMG_20231012_155159_jpg.rf.7150783cb86080529a7724a4755aa5a3.jpg,1,120,101,554,468
IMG_20231030_111713_jpg.rf.cc2aea3b26e6bcd09c25ee9473fc1f19.jpg,1,16,113,561,499
IMG_20231010_110023_jpg.rf.7935a59cb18349c7f04610c60b4b1c20.jpg,1,106,120,445,595
IMG_20231008_153034_jpg.rf.db27fb4ac43eb918582a4a06b69d7f6a.jpg,1,126,94,526,594
IMG_20231012_155217_jpg.rf.4a3dcf5f364366ff6f052911b4eba4ce.jpg,1,105,209,464,596
V1-4-00002_png.rf.2e0aea725cb1a4d27f065bf1662da0bd.jpg,1,259,119,380,225
IMG_20231030_111713_jpg.rf.57acc1b77895b1730f7ac1a88c9e7549.jpg,1,16,113,561,499
IMG_20230926_145836_jpg.rf.4a945d1c6843e7d5971a90c9d2b0bc31.jpg,1,235,109,465,544
IMG_20230926_150115_jpg.rf.f0a86d8b5a6d93c00365c2159fe61413.jpg,1,171,205,409,463
IMG_20230928_103214_jpg.rf.86ca0d9eb79f9a33801e136faabf8d7d.jpg,1,108,143,510,544
IMG_20231016_150610_jpg.rf.43e4951836ea3b1c351de52448185490.jpg,1,93,130,531,540
IMG_20231003_153200_jpg.rf.61a3598eafa73deeef69c80e16d04122.jpg,1,133,116,516,525
IMG_20231020_153623_jpg.rf.e740cbd05e9664f3e49de7eb1156ef18.jpg,1,160,90,471,611
V1-4-00056_png.rf.7b3b7aea261eb0ed761ae92ea1385c3d.jpg,1,270,50,345,287
IMG_20230928_102738_jpg.rf.4b46af223df4f22e2b84e44d494b6e56.jpg,1,220,176,419,513
IMG_20230927_155829_jpg.rf.0883baed44e8d005c59343077b707dc3.jpg,1,195,146,439,430
IMG_20231026_191442_jpg.rf.78d064a2efc62ac3f2adf726d46ea5c3.jpg,1,235,26,345,400
IMG_20231026_191442_jpg.rf.78d064a2efc62ac3f2adf726d46ea5c3.jpg,1,335,123,624,373